state,theta,phi,acceleration,height
0,0,0,0,0
0,0,0,0,0
0,0,0,0,0
0,0,0,0,0
0,0,0,0,0
0,0,0,0,0
0,0,0,0,0
0,0,0,0,0
0,0,0,0,0
0,0,0,0,0
1,-0.3,1.73,592.33,61.18
1,0.64,-0.06,588.64,120.56
1,-0.35,-0.46,587.17,179.44
1,0.6,3.01,583.41,236.26
1,0.69,-1.79,577.27,293.64
1,-0.58,1.29,573.64,349.98
1,-0.1,-0.47,568.24,407.25
1,1.91,0.54,562.12,464.05
1,1.12,-0.52,558.78,519.21
1,-1.88,1.19,553.35,576.94
1,-0.21,-0.09,545.83,632.98
1,0.93,0.12,539.23,686.84
1,-0.88,-1.46,532.55,741.78
1,-0.72,-0.06,527.19,796.54
1,-0.04,0.36,521.97,849.74
1,-0.4,1.76,516.86,901.94
1,-0.74,-1.68,517.36,952.8
1,-0.93,-1.39,513.52,1005.13
1,1.77,-1.06,507.56,1056.79
1,0.45,0.06,505.1,1109.21
1,0.33,-1.25,499.08,1159.82
1,-0.73,1.66,494.56,1209.24
1,-1.06,-0.07,489.89,1258.39
1,0.71,0.16,485.41,1306.74
1,0.45,0.92,482.15,1355.08
1,1.39,-1.13,477.12,1403.35
1,0.35,-0.53,473.69,1452.0
1,-0.03,0.29,465.58,1499.39
1,0.62,0.51,466.64,1546.27
1,-1.17,0.59,465.78,1593.09
1,0.11,-0.7,460.52,1639.04
1,-1.41,-2.44,453.78,1685.41
1,-2.03,-1.26,445.91,1730.87
1,-0.84,3.08,443.66,1777.12
1,0.87,-0.53,440.94,1821.54
1,-0.59,-1.04,436.16,1866.86
1,-0.88,0.58,429.27,1910.12
1,-0.04,0.17,429.39,1952.12
1,-0.5,-0.99,424.12,1995.5
1,-0.53,-0.42,420.34,2037.84
1,1.39,-0.28,415.94,2078.74
1,0.69,-0.74,410.34,2120.46
1,0.29,-0.45,408.2,2161.94
1,0.88,-2.01,401.05,2204.56
1,1.48,-1.77,400.26,2245.49
1,-0.11,0.66,399.4,2286.53
1,-0.01,-0.66,391.94,2325.7
1,-0.38,2.07,388.98,2364.13
1,2.09,-1.19,386.99,2402.74
1,0.23,0.76,381.89,2440.24
1,0.51,1.78,375.54,2478.7
1,1.09,-0.67,370.39,2517.79
1,-3.36,0.77,368.77,2553.51
1,-0.01,-1.19,364.29,2589.8
1,-0.16,-1.11,363.92,2628.02
1,0.77,0.31,359.94,2665.87
1,-0.89,0.01,358.56,2700.9
1,0.57,0.25,350.85,2736.52
1,0.53,0.25,347.98,2769.97
1,0.48,0.45,341.78,2804.78
1,0.04,-0.29,332.99,2838.37
1,-0.48,0.98,329.19,2872.25
1,-0.12,-1.33,325.66,2905.97
1,-0.88,0.26,320.97,2938.18
1,0.77,0.49,318.05,2971.05
1,-0.43,0.29,315.66,3002.72
1,-0.78,-0.74,312.79,3035.07
1,-1.37,0.22,311.32,3066.75
1,0.15,0.73,308.42,3100.15
1,0.0,0.11,304.25,3128.47
1,-0.28,-0.35,297.07,3158.29
1,0.12,-1.04,294.74,3188.03
1,0.68,1.43,289.7,3218.14
1,0.53,0.75,286.88,3245.51
1,0.8,-0.89,282.67,3275.26
1,-1.92,-0.24,279.04,3303.13
1,-0.27,-0.24,275.32,3331.28
1,1.3,0.72,273.47,3358.95
1,1.31,-1.56,267.08,3388.21
1,-1.19,-0.76,260.21,3412.33
1,1.86,-0.23,258.13,3437.24
1,0.33,-0.72,253.21,3463.43
1,1.3,1.29,251.83,3490.61
1,-0.19,-0.34,247.61,3515.77
1,0.17,-0.7,246.73,3540.73
1,0.26,0.63,239.96,3566.14
1,0.32,-0.28,235.63,3590.28
1,-0.28,1.16,231.29,3613.86
1,0.4,-0.06,230.37,3639.73
1,-0.73,-1.96,223.15,3664.18
1,-0.2,0.54,218.46,3688.24
1,2.13,-1.06,215.64,3710.08
1,0.54,-0.65,211.23,3732.92
1,-1.57,-0.54,205.14,3754.45
1,1.36,0.95,201.29,3775.16
1,1.02,0.83,198.45,3795.89
1,-0.74,-0.19,195.85,3816.88
1,-0.15,0.04,193.64,3835.97
1,0.23,-0.06,191.3,3856.11
1,-0.46,-1.12,187.27,3874.23
1,-1.34,2.59,184.5,3893.99
1,0.84,0.86,181.67,3911.61
1,1.06,-0.28,178.55,3929.15
1,-0.56,-0.07,177.3,3947.21
1,0.86,0.35,175.41,3965.54
1,-0.91,-1.25,172.16,3982.72
1,-1.7,1.89,168.79,4000.19
1,-0.51,1.08,166.86,4017.84
1,0.89,0.3,163.88,4034.73
1,-0.17,-0.1,160.58,4050.55
1,1.36,0.27,161.24,4066.61
1,-0.32,-0.85,157.3,4081.92
1,-2.69,-2.02,157.11,4098.09
1,0.27,2.11,155.54,4113.38
1,-0.64,-1.54,151.9,4130.27
1,-0.44,-1.81,146.32,4145.86
1,-0.11,1.1,143.35,4161.39
1,0.99,-0.55,141.54,4174.71
1,-0.53,0.64,142.24,4189.99
1,0.05,-0.75,137.81,4203.74
1,0.81,0.71,136.57,4216.97
1,0.87,-0.3,135.82,4230.56
1,1.09,-1.86,132.72,4242.24
1,0.67,-0.38,133.08,4255.06
1,-0.78,-0.71,127.88,4268.98
1,2.3,-1.17,127.97,4281.01
1,-0.18,-1.2,123.51,4292.61
1,-0.86,-1.5,121.72,4304.36
1,-0.36,-1.4,118.66,4317.42
1,-1.56,-1.46,114.27,4328.59
1,-0.08,1.43,110.68,4339.84
1,0.77,-0.95,108.64,4350.59
1,-0.53,-0.2,106.96,4363.17
1,0.92,-0.51,104.39,4375.46
1,0.95,-0.69,103.21,4387.23
1,0.07,-0.4,101.72,4397.28
1,-0.19,0.63,100.45,4407.24
1,0.6,0.04,95.28,4417.06
1,-0.97,-0.16,90.94,4426.65
1,-0.51,0.6,85.67,4436.84
1,-0.84,-0.15,85.25,4446.27
1,-1.68,0.17,79.5,4456.02
1,0.66,0.47,79.18,4463.24
1,0.88,0.99,75.34,4471.1
1,-0.44,-1.14,71.81,4480.89
1,1.34,0.35,68.73,4488.79
1,-0.76,-0.58,67.12,4496.87
1,0.61,-0.64,63.69,4505.34
1,1.81,1.47,60.62,4513.68
1,0.75,0.94,57.41,4518.86
1,0.53,-0.74,52.45,4524.57
1,-0.58,0.25,48.08,4530.43
1,-0.59,-0.62,44.74,4536.04
1,-0.78,0.46,42.21,4539.43
1,-2.22,2.61,38.96,4545.91
1,1.19,0.47,35.62,4551.15
1,-0.39,1.52,32.45,4556.1
1,-0.57,-1.16,33.62,4559.27
1,-2.0,-0.91,29.45,4562.9
1,-1.53,-0.02,27.2,4564.61
1,-1.81,-0.0,23.51,4567.23
1,0.91,-0.24,22.36,4570.51
1,-0.74,0.29,19.35,4573.08
1,0.92,0.27,17.61,4573.39
1,0.72,1.29,14.04,4574.77
1,1.55,0.53,16.98,4575.24
1,0.71,-1.59,12.93,4576.63
1,0.07,-2.4,10.29,4577.62
1,0.66,-0.57,8.53,4579.76
1,-1.01,1.53,5.86,4581.82
1,1.31,-0.29,5.62,4583.24
1,-0.08,-0.26,0.73,4584.63
1,-1.23,0.29,-4.4,4585.14
1,-1.82,0.11,-3.5,4584.5
1,1.08,-1.37,-6.43,4583.3
1,-0.18,0.31,-5.48,4582.77
1,-1.2,0.89,-9.12,4584.04
1,-0.38,0.12,-13.32,4584.72
2,0.01,-0.57,594.74,4645.2
2,0.48,-0.79,590.9,4705.14
2,-0.75,-0.41,586.7,4762.69
2,-0.32,-0.08,582.8,4823.12
2,0.2,0.81,575.04,4882.11
2,0.6,0.68,570.89,4939.94
2,-2.6,-0.34,564.97,4996.89
2,0.34,0.05,559.76,5055.63
2,-0.61,-0.16,553.96,5112.94
2,-0.07,0.39,550.42,5168.65
2,-0.57,0.05,546.18,5224.69
2,-0.76,-0.8,540.58,5280.45
2,-0.36,0.46,534.81,5333.94
2,-0.37,-0.03,530.31,5388.35
2,-0.16,-0.12,526.57,5441.25
2,0.25,-1.43,520.79,5493.64
2,-1.74,1.04,516.83,5545.5
2,0.95,-0.16,511.24,5597.36
2,0.34,-0.72,509.2,5649.0
2,-0.86,-1.49,503.51,5700.91
2,-0.4,-0.11,501.9,5752.37
2,1.19,-0.89,496.9,5802.63
2,-2.62,-1.3,492.16,5851.54
2,0.76,1.07,490.05,5900.92
2,0.29,0.27,483.69,5949.89
2,-0.11,-0.66,478.29,5999.17
2,1.14,-1.01,472.9,6047.02
2,-1.19,-0.96,466.57,6094.27
2,-0.49,1.12,460.72,6141.4
2,0.43,0.69,455.11,6187.66
2,-0.65,-1.84,448.26,6234.29
2,0.74,-0.88,443.72,6278.81
2,-2.56,0.1,443.56,6322.33
2,0.02,0.06,442.49,6365.07
2,0.24,0.28,437.95,6412.13
2,1.24,-2.3,430.91,6453.9
2,-0.78,-1.23,426.6,6497.21
2,-0.66,0.52,421.96,6539.16
2,-0.77,-0.38,417.71,6581.43
2,1.47,0.95,416.05,6623.68
2,-1.02,1.04,411.0,6665.29
2,-2.52,-0.01,407.42,6705.59
2,-1.54,-0.2,405.38,6744.94
2,0.78,1.52,403.89,6786.12
2,-0.99,0.1,401.61,6826.78
2,1.05,-0.76,397.83,6867.96
2,-0.18,0.51,393.87,6906.74
2,-1.43,0.68,389.7,6945.97
2,0.64,-0.16,385.7,6986.16
2,1.05,-0.82,382.07,7024.87
2,0.16,-0.33,373.96,7061.25
2,-1.74,0.18,370.18,7098.85
2,2.05,0.59,368.41,7135.12
2,0.74,-0.68,366.99,7172.31
2,0.2,-0.12,361.61,7209.48
2,-1.86,0.03,358.37,7244.16
2,-1.33,0.64,358.0,7281.4
2,0.18,-0.78,351.59,7316.31
2,-0.7,1.4,346.79,7352.03
2,-0.68,-0.07,347.03,7385.33
2,0.0,0.07,343.3,7420.41
2,2.33,0.19,339.5,7454.07
2,-0.89,1.51,338.09,7487.06
2,0.4,-0.48,334.1,7519.67
2,0.75,-0.78,328.31,7554.36
2,0.06,0.19,323.58,7586.77
2,2.04,-0.51,318.36,7620.03
2,0.17,-1.81,314.06,7652.61
2,1.69,0.57,309.74,7684.3
2,0.38,1.69,306.4,7715.63
2,-0.96,0.45,307.18,7746.69
2,0.03,0.93,303.45,7778.91
2,-0.58,2.1,299.78,7811.34
2,-0.6,-0.18,295.16,7841.83
2,-1.78,0.33,294.01,7871.91
2,0.04,0.58,288.94,7901.86
2,0.85,-0.05,289.48,7930.48
2,-1.3,-2.23,282.1,7962.45
2,-0.55,-0.06,277.6,7991.68
2,-0.03,-0.16,272.9,8017.95
2,1.64,-0.44,271.89,8045.52
2,-0.92,-0.08,270.11,8072.01
2,1.07,2.08,267.15,8097.84
2,0.82,0.82,264.26,8124.26
2,0.01,1.81,262.99,8150.15
2,-0.42,0.51,259.18,8176.76
2,-0.79,1.11,259.76,8204.67
2,0.51,-2.2,259.12,8229.27
2,0.15,0.35,253.31,8254.07
2,0.87,1.01,246.81,8279.61
2,-0.68,0.23,245.67,8303.09
2,0.12,0.49,241.03,8326.92
2,-0.18,-0.91,239.51,8349.16
2,0.12,-0.59,234.41,8372.82
2,-1.05,1.29,230.82,8396.19
2,0.13,1.11,228.9,8421.1
2,1.16,-1.46,225.06,8442.61
2,0.71,0.14,220.6,8462.84
2,0.85,0.66,217.5,8485.17
2,1.38,-1.14,217.34,8505.95
2,0.75,0.9,214.83,8526.62
2,-0.95,1.75,213.77,8548.54
2,3.17,1.94,208.27,8571.43
2,0.09,1.49,204.48,8592.93
2,0.34,2.13,196.98,8613.52
2,-0.94,-1.19,194.55,8633.57
2,-0.62,0.95,190.28,8654.61
2,-1.29,-0.15,185.42,8673.81
2,0.7,0.72,181.78,8690.49
2,-0.3,-1.75,178.63,8707.86
2,-1.37,0.34,175.84,8727.25
2,-0.32,-0.3,172.12,8742.78
2,0.81,-0.79,170.66,8760.24
2,0.43,0.33,169.92,8776.96
2,0.16,-0.75,165.73,8793.62
2,-1.06,0.76,166.5,8809.86
2,1.31,0.31,166.47,8828.34
2,-1.34,-0.45,164.75,8845.08
2,0.83,1.26,165.45,8860.59
2,-2.21,-0.34,163.06,8878.13
2,-2.3,1.09,161.22,8894.6
2,0.11,-1.42,153.39,8911.97
2,-0.48,-0.26,153.5,8929.02
2,0.67,-1.68,151.63,8944.43
2,0.18,-0.66,148.78,8960.38
2,-1.28,0.13,147.5,8975.1
2,0.8,-0.52,143.91,8989.97
2,-0.67,1.05,141.19,9004.04
2,0.47,1.3,139.42,9019.16
2,-0.01,0.73,139.61,9032.01
2,0.41,-1.15,136.2,9045.04
2,-0.93,1.05,132.81,9059.12
2,-1.11,0.62,133.16,9071.34
2,1.19,-0.61,132.11,9085.25
2,-0.19,-0.17,124.43,9097.85
2,1.61,0.82,122.85,9109.82
2,-0.51,1.01,124.44,9122.84
2,0.37,1.01,120.88,9136.23
2,-0.21,-0.38,121.52,9150.01
2,0.62,-0.04,118.46,9160.34
2,-0.36,0.16,117.44,9172.71
2,-0.0,-1.16,110.86,9184.89
2,1.47,-0.45,109.16,9195.74
2,1.63,-2.13,105.81,9208.27
2,-0.93,-0.5,100.76,9219.29
2,-0.21,0.93,98.04,9230.03
2,-3.09,1.66,94.09,9241.59
2,-0.46,1.2,91.97,9251.46
2,-0.27,1.36,88.0,9260.24
2,-2.3,1.36,82.64,9269.4
2,-0.05,-1.26,76.61,9276.98
2,0.91,1.39,72.13,9285.19
2,0.59,2.53,66.74,9292.97
2,0.45,-0.4,69.23,9301.49
2,0.55,-0.53,65.18,9308.89
2,-1.21,0.56,64.53,9316.38
2,0.88,-0.74,58.25,9323.56
2,1.46,0.5,53.73,9329.52
2,0.15,1.81,51.13,9332.77
2,2.03,0.44,48.79,9336.81
2,-0.13,0.61,47.69,9342.36
2,0.61,-1.87,45.61,9347.43
2,-1.19,0.15,43.12,9353.49
2,-0.26,-0.89,40.34,9358.1
2,-0.74,1.28,34.12,9364.44
2,1.03,-0.19,29.7,9367.96
2,0.23,0.43,29.26,9372.1
2,0.61,-0.73,23.06,9375.41
2,-0.15,0.03,26.22,9376.17
2,0.35,-0.34,27.3,9377.81
2,-1.98,1.58,26.58,9382.24
2,-0.9,-1.29,27.23,9382.31
2,0.59,1.0,29.26,9386.71
2,-0.08,0.54,28.47,9390.15
2,-0.41,-1.9,26.53,9391.97
2,0.47,0.02,26.44,9395.51
2,2.14,-1.46,22.27,9400.2
2,-0.08,-0.96,23.06,9402.39
2,-0.95,-1.15,23.12,9405.09
2,-0.08,0.53,22.67,9406.5
2,0.84,-0.67,21.11,9409.49
2,-0.1,-1.38,18.42,9413.14
2,2.0,-0.03,14.31,9415.8
2,0.25,-0.76,12.53,9416.78
2,0.08,0.82,13.64,9418.05
2,-0.84,0.24,9.11,9421.45
2,0.11,0.38,8.94,9421.21
2,1.07,-1.98,6.33,9422.16
2,1.45,-1.0,3.9,9423.28
2,-0.36,1.61,2.64,9424.27
2,1.19,-1.94,1.35,9424.45
2,-1.63,1.33,0.96,9425.44
2,2.82,0.53,-2.7,9426.27
2,-1.11,0.11,-4.8,9426.3
2,-0.46,-0.52,-7.54,9426.62
2,-1.0,-0.3,-8.72,9426.94
2,-0.25,2.18,-12.99,9427.86
3,-0.9,2.4,-13.04,9426.68
3,-3.54,-2.84,-13.26,9423.88
3,-1.64,-0.21,-14.02,9420.58
3,-1.89,-2.15,-14.03,9418.23
3,0.7,-2.86,-14.21,9415.63
3,-0.32,0.29,-13.71,9412.04
3,-1.28,-2.12,-12.22,9406.8
3,3.58,1.65,-10.31,9405.44
3,-0.69,-1.45,-9.93,9401.92
3,1.73,-1.26,-8.58,9398.53
3,2.97,0.2,-7.83,9395.59
3,-1.79,0.1,-8.42,9391.16
3,-1.6,1.5,-8.64,9391.16
3,-0.71,1.87,-9.1,9387.69
3,2.55,0.71,-8.77,9384.23
3,-1.99,-0.1,-10.15,9382.74
3,2.57,0.82,-9.84,9376.96
3,1.26,0.88,-11.18,9374.91
3,-1.67,-4.79,-11.54,9372.45
3,-2.82,0.19,-11.14,9369.67
3,-1.61,2.1,-11.47,9366.32
3,3.77,-2.39,-10.15,9365.09
3,0.58,3.19,-11.8,9361.61
3,-1.19,-3.15,-13.28,9358.75
3,-1.07,-1.19,-14.44,9356.32
3,0.36,0.75,-14.45,9353.06
3,3.74,4.43,-14.37,9348.29
3,2.24,-2.22,-13.72,9345.78
3,-2.13,1.91,-14.25,9343.09
3,1.23,-0.45,-15.1,9340.14
3,2.02,-0.24,-15.31,9338.0
3,0.22,1.02,-16.55,9336.21
3,-0.13,-0.79,-17.9,9335.17
3,0.76,-5.07,-18.91,9331.83
3,2.49,3.15,-17.73,9331.46
3,2.48,-0.62,-17.85,9330.0
3,-0.89,0.77,-15.93,9326.26
3,3.43,-3.54,-16.76,9323.51
3,5.73,0.13,-15.85,9319.47
3,-1.38,0.58,-14.99,9317.75
3,1.47,-1.62,-14.89,9312.29
3,0.78,1.63,-13.69,9309.48
3,0.52,3.45,-16.18,9305.57
3,-2.54,1.04,-17.45,9302.63
3,0.5,3.57,-17.76,9299.09
3,4.15,2.96,-17.55,9296.98
3,0.37,-1.29,-17.24,9293.07
3,4.77,-2.5,-15.74,9289.81
3,-1.66,0.06,-15.08,9287.23
3,0.8,-2.67,-14.73,9283.57
3,-3.09,-0.01,-13.04,9279.62
3,3.47,-0.56,-12.27,9278.24
3,0.7,1.72,-11.26,9275.98
3,1.72,-1.5,-11.29,9275.03
3,0.52,-0.61,-10.67,9271.01
3,-2.68,0.18,-10.19,9267.64
3,0.2,4.65,-11.16,9265.0
3,1.3,0.22,-12.64,9260.98
3,1.07,-1.69,-11.85,9257.42
3,-2.25,-4.42,-10.91,9254.46
3,-3.29,-0.29,-11.76,9251.42
3,2.7,1.33,-12.12,9247.62
3,1.52,-3.48,-12.95,9244.25
3,0.47,0.65,-11.41,9241.37
3,0.92,1.62,-12.44,9240.47
3,1.71,0.98,-11.9,9237.54
3,2.5,1.19,-11.05,9235.55
3,-0.1,1.67,-8.85,9233.5
3,-1.17,0.42,-9.67,9230.79
3,1.2,-5.29,-8.46,9228.77
3,0.82,1.05,-8.45,9226.01
3,1.01,-1.81,-8.51,9223.05
3,1.84,1.68,-8.77,9221.33
3,-2.55,-1.76,-8.1,9217.88
3,0.28,-0.21,-7.22,9215.38
3,1.54,1.41,-9.13,9209.06
3,0.03,-1.0,-7.77,9205.24
3,0.71,-1.94,-7.3,9204.24
3,0.08,-1.99,-6.74,9201.15
3,0.27,0.68,-5.1,9198.76
3,-1.05,0.32,-5.89,9195.96
3,3.18,-0.91,-7.55,9193.26
3,-0.49,-1.11,-9.09,9191.51
3,-1.09,0.74,-8.51,9187.92
3,0.25,-3.06,-10.12,9182.5
3,0.44,-1.57,-9.92,9179.64
3,0.68,3.06,-8.95,9178.55
3,1.73,4.32,-9.57,9174.85
3,0.95,3.36,-9.73,9172.24
3,-1.39,-1.43,-9.8,9169.8
3,-0.36,-1.62,-7.89,9166.45
3,-2.03,-3.15,-7.36,9161.99
3,-0.24,1.24,-9.17,9158.73
3,0.04,-2.91,-10.25,9156.35
3,-2.15,-2.73,-9.0,9154.6
3,1.13,2.71,-8.17,9152.3
3,-0.33,0.06,-8.55,9148.46
3,-1.22,-0.9,-9.79,9145.18
3,1.82,-0.74,-10.27,9141.96
3,2.08,-1.34,-10.15,9138.8
3,-2.46,0.42,-10.05,9135.46
3,-0.06,-1.8,-9.11,9131.9
3,1.73,0.38,-8.68,9128.74
3,-1.36,-2.38,-8.11,9127.5
3,-0.58,-2.4,-8.55,9125.36
3,-0.73,-0.31,-9.67,9122.5
3,1.79,3.1,-9.75,9119.72
3,-0.16,-1.16,-9.39,9117.62
3,-2.43,-1.49,-7.86,9112.22
3,2.04,2.03,-5.52,9110.89
3,0.12,-0.53,-5.63,9107.89
3,0.24,-4.3,-5.86,9102.15
3,-3.74,-1.2,-4.32,9098.06
3,1.82,-0.53,-2.5,9093.09
3,4.34,2.94,-1.27,9087.36
3,1.65,-0.52,0.04,9084.37
3,0.29,-2.17,-0.89,9080.48
3,-0.53,0.04,-0.76,9078.21
3,-1.83,-1.99,-0.59,9073.85
3,1.01,1.7,-0.41,9070.91
3,-3.47,0.26,1.11,9068.29
3,-0.82,0.51,1.56,9066.18
3,2.21,-2.19,0.83,9062.6
3,-2.7,-0.18,0.69,9059.95
3,0.47,-2.16,0.89,9055.84
3,5.94,1.07,0.8,9052.9
3,1.16,3.06,1.19,9050.93
3,-2.95,-1.08,0.38,9048.9
3,0.62,-0.4,1.68,9045.46
3,-1.13,-1.07,1.23,9041.49
3,1.17,-3.39,1.47,9040.84
3,0.87,-0.75,-1.84,9037.95
3,-0.55,0.22,-4.02,9034.03
3,2.93,-0.22,-3.66,9031.16
3,-1.79,-0.58,-4.5,9027.19
3,-1.98,-1.96,-5.74,9023.01
3,-2.19,-1.09,-5.56,9020.21
3,-2.2,-1.43,-6.85,9017.43
3,-2.1,1.29,-7.79,9014.21
3,1.58,-2.5,-9.16,9011.85
3,1.55,-2.25,-8.8,9009.76
3,0.31,-0.54,-9.39,9007.88
3,0.26,-2.37,-9.4,9003.73
3,0.7,-3.48,-9.56,9002.23
3,0.53,-0.93,-8.83,8998.57
3,2.81,0.46,-8.76,8994.22
3,0.25,-1.73,-6.9,8991.29
3,-0.4,-1.14,-5.75,8989.58
3,-3.51,-1.54,-3.93,8987.33
3,-0.52,-0.31,-2.11,8983.63
3,0.39,-0.45,-1.92,8980.87
3,-1.42,-0.69,-1.34,8978.64
3,1.2,0.42,-0.54,8974.92
3,2.59,1.66,-1.82,8971.63
3,1.47,-1.2,-2.64,8969.77
3,0.35,-0.81,-4.31,8967.72
3,-0.4,0.18,-6.35,8963.85
3,-1.55,-1.86,-7.47,8960.52
3,1.27,1.89,-8.07,8958.1
3,1.61,2.89,-7.88,8954.96
3,3.01,-2.43,-7.66,8951.8
3,0.29,-2.12,-8.27,8947.95
3,0.09,0.78,-8.14,8945.84
3,-0.86,0.76,-9.98,8943.78
3,2.78,2.23,-10.26,8940.61
3,-1.57,0.33,-10.76,8936.69
3,5.09,0.64,-10.49,8933.35
3,-1.39,6.36,-10.36,8930.31
3,1.88,-0.09,-9.61,8925.77
3,-0.08,-1.57,-9.02,8923.93
3,0.67,2.24,-8.8,8920.61
3,0.53,0.03,-8.98,8918.14
3,-0.45,-1.75,-9.87,8913.34
3,-3.11,-1.98,-8.63,8910.67
3,-1.15,5.45,-9.3,8907.62
3,-2.79,-3.03,-9.17,8903.42
3,-1.17,-1.02,-8.14,8899.8
3,0.7,-1.72,-9.19,8895.76
3,1.57,-3.21,-11.32,8892.84
3,0.16,-5.47,-12.93,8889.04
3,-0.58,-1.26,-12.78,8886.0
3,2.02,0.66,-14.23,8883.09
3,-1.23,3.55,-14.28,8877.95
3,-0.75,1.11,-13.25,8876.92
3,0.61,-1.72,-13.73,8873.83
3,1.09,2.52,-13.29,8872.26
3,-0.74,-1.52,-13.08,8870.13
3,2.46,0.96,-13.13,8868.28
3,-2.52,-1.13,-12.35,8864.67
3,2.59,-2.81,-14.08,8861.17
3,-1.24,3.74,-12.79,8859.39
3,-0.69,-1.97,-13.05,8855.87
3,0.93,0.84,-13.19,8852.41
3,-4.32,-1.8,-12.78,8849.11
3,1.25,0.48,-12.21,8845.77
3,-2.64,-0.0,-11.86,8841.48
3,-3.53,1.83,-11.28,8837.35
3,-0.39,0.11,-12.17,8834.21
3,-0.05,0.13,-11.63,8831.79
3,-0.46,4.16,-12.74,8827.19
3,-0.35,1.72,-12.8,8824.02
3,-0.62,3.26,-14.47,8821.9
3,1.22,-0.64,-13.56,8820.27
3,2.11,1.58,-14.15,8817.5
3,0.12,0.83,-14.8,8815.04
3,-1.21,0.44,-13.63,8811.47
3,-0.52,-2.77,-15.65,8807.75
3,-0.4,1.62,-16.27,8805.24
3,-0.27,4.25,-16.16,8803.84
3,1.04,-0.46,-15.29,8802.05
3,2.2,1.94,-14.74,8798.77
3,-3.84,-0.45,-12.5,8796.73
3,0.87,0.58,-10.38,8794.84
3,-1.34,2.71,-10.4,8792.69
3,1.68,-0.08,-8.68,8788.9
3,0.36,-3.12,-9.67,8784.7
3,0.89,1.02,-9.75,8780.49
3,0.56,-0.88,-9.04,8776.35
3,-2.46,2.26,-7.61,8773.53
3,-1.57,1.03,-6.61,8770.9
3,-0.37,3.01,-7.63,8766.96
3,1.75,1.28,-8.0,8764.11
3,2.93,-4.16,-5.88,8760.82
3,0.21,0.64,-6.27,8757.18
3,-0.11,0.17,-3.86,8754.89
3,4.27,-1.0,-2.59,8752.07
3,-0.35,3.11,-1.58,8748.07
3,0.86,0.04,-0.91,8744.17
3,1.27,-0.57,-0.53,8740.62
3,0.27,0.78,1.54,8736.48
3,1.1,-1.73,0.83,8732.71
3,0.74,0.9,1.71,8730.67
3,-1.54,-1.43,1.62,8728.91
3,0.68,2.42,1.65,8724.21
3,-1.84,0.85,2.58,8720.14
3,-0.82,3.4,3.0,8716.07
3,0.16,-0.06,3.69,8713.33
3,2.77,-1.74,4.32,8709.67
3,-1.06,-0.81,5.2,8708.06
3,0.28,-0.44,4.4,8704.67
3,-1.07,-0.45,4.01,8702.04
3,-1.46,0.26,3.65,8699.44
3,1.33,0.14,3.44,8696.95
3,-0.11,-1.09,4.06,8696.08
3,-0.88,3.6,4.59,8694.16
3,2.68,2.49,4.18,8691.66
3,-1.84,2.01,4.42,8688.23
3,-2.16,-0.21,3.48,8685.38
3,0.07,-1.29,3.66,8681.82
3,-1.43,-1.14,2.92,8680.35
3,0.48,0.9,4.06,8676.51
3,-0.96,1.07,3.3,8673.33
3,-1.42,-0.79,1.91,8670.8
3,-2.01,-1.49,1.56,8668.11
3,-1.8,-0.8,0.34,8664.24
3,1.99,-6.02,-0.1,8660.69
3,-2.31,-0.07,1.23,8655.72
3,1.19,-2.17,0.49,8653.33
3,0.32,-2.23,1.69,8651.84
3,-5.02,0.31,2.72,8650.09
3,0.56,-0.19,3.09,8647.07
3,-1.58,0.31,3.52,8644.3
3,1.52,-0.45,4.66,8641.27
3,-2.88,-2.84,3.17,8638.66
3,2.35,1.77,5.05,8635.52
3,1.33,-0.34,5.14,8633.33
3,-1.23,-1.57,5.92,8629.7
3,-2.2,-2.28,6.08,8626.15
3,3.28,1.99,5.9,8621.72
3,-3.6,2.24,6.86,8617.5
3,0.15,1.83,6.5,8615.94
3,-1.25,1.88,5.26,8612.42
3,-1.36,-0.38,5.09,8608.51
3,-0.88,-1.6,3.17,8605.43
3,-2.11,0.78,1.65,8600.84
3,-2.21,0.93,0.27,8599.02
3,0.47,-0.12,-0.23,8595.67
3,-0.61,1.69,-1.13,8591.87
3,1.26,-0.8,-1.21,8589.51
3,-1.43,-3.17,-0.93,8587.73
3,-0.1,-0.63,-2.3,8584.82
3,0.36,0.46,-1.45,8580.56
3,1.67,-2.18,-2.5,8578.07
3,1.93,0.02,-2.39,8574.42
3,0.64,1.78,-2.61,8571.64
3,0.48,-2.73,-3.54,8567.74
3,-0.32,-1.55,-3.37,8564.68
3,3.67,4.53,-1.26,8560.96
3,-1.95,3.34,-1.31,8556.84
3,0.37,-0.57,-0.75,8552.64
3,0.73,-0.36,-0.16,8550.16
3,0.14,-1.77,-0.2,8547.23
3,-1.18,4.13,-1.65,8543.91
3,1.59,-2.65,-0.96,8541.12
3,0.41,0.58,-0.71,8538.36
3,-0.55,-2.75,0.07,8534.03
3,0.26,-1.44,-1.06,8531.6
3,-1.07,1.17,-1.23,8530.21
3,2.85,-1.04,-2.54,8526.92
3,-1.7,-1.52,-1.27,8524.56
3,-1.83,-1.01,-0.63,8521.94
3,-3.29,0.56,0.4,8520.08
3,-3.54,-2.07,-0.72,8518.17
3,2.36,0.24,0.76,8514.26
3,-1.12,-0.65,1.15,8510.69
3,-1.95,-2.63,2.17,8507.26
3,-0.7,-0.49,3.55,8503.09
3,0.46,-1.32,3.75,8501.18
3,0.35,3.56,4.91,8498.13
3,0.67,0.9,3.56,8495.06
3,-1.38,-0.87,2.75,8492.03
3,-1.33,2.22,3.42,8488.52
3,1.0,-0.14,3.54,8485.03
3,0.43,3.6,5.38,8481.02
3,2.76,-0.07,6.04,8478.84
3,-0.5,1.19,6.72,8475.59
3,-1.24,0.66,8.56,8472.96
3,2.47,-2.17,7.5,8469.73
3,-0.02,-3.73,8.52,8465.93
3,0.61,-1.03,8.91,8462.47
3,-2.6,1.34,9.59,8459.43
3,0.91,1.73,8.7,8457.75
3,-0.85,-0.49,9.42,8454.4
3,-1.24,-2.18,10.17,8450.95
3,-2.49,2.05,11.29,8449.75
3,1.26,-2.16,12.28,8446.92
3,-0.01,0.2,11.39,8443.5
3,-2.81,0.35,10.76,8439.7
3,1.19,-1.83,12.52,8435.09
3,2.13,1.54,12.33,8432.6
3,-2.72,0.25,12.18,8428.99
3,-2.32,-0.93,12.74,8425.22
3,0.24,-0.57,15.89,8420.19
3,-0.1,-1.18,14.31,8417.23
3,0.27,-2.04,14.67,8413.97
3,1.71,0.89,14.69,8410.17
3,-0.47,-3.82,14.98,8405.63
3,-3.02,0.23,14.95,8401.38
3,5.47,-0.24,14.51,8396.97
3,2.12,4.59,16.33,8392.57
3,-0.92,0.9,14.35,8387.9
3,-1.88,-1.06,14.03,8383.95
3,2.22,-2.52,16.7,8380.65
3,-0.92,-5.73,17.45,8378.47
3,2.49,-0.99,17.94,8375.18
3,0.98,-1.93,16.84,8370.68
3,-0.31,-2.17,16.73,8366.51
3,-1.99,2.16,16.04,8363.56
3,-0.12,-0.1,15.71,8360.17
3,-3.04,-3.01,14.61,8356.03
3,-0.66,-0.02,17.58,8354.65
3,-0.28,-0.98,19.75,8353.12
3,-0.59,1.57,20.93,8351.0
3,-1.58,-2.15,20.61,8346.22
3,3.24,1.29,20.5,8344.36
3,2.55,-2.72,21.38,8341.27
3,-0.88,4.14,20.63,8338.96
3,0.6,-1.03,21.13,8336.12
3,-1.67,0.83,20.86,8332.22
3,2.4,-2.28,20.29,8328.51
3,-0.66,1.02,19.31,8325.86
3,0.24,-1.94,18.47,8322.24
3,-0.81,-0.94,17.68,8320.67
3,-1.42,0.59,18.07,8318.61
3,1.45,0.56,18.95,8315.38
3,0.81,1.57,19.19,8312.24
3,2.36,0.01,17.89,8308.74
3,0.14,-3.15,17.84,8304.49
3,0.89,1.76,18.63,8301.93
3,0.32,-0.46,19.03,8298.03
3,-3.1,1.55,18.33,8294.71
3,-3.2,0.05,17.4,8293.07
3,0.23,0.54,19.99,8289.7
3,-2.09,1.37,19.12,8286.73
3,-2.77,-0.96,18.99,8284.75
3,1.18,-0.8,18.66,8282.51
3,1.5,-0.12,18.97,8280.5
3,-1.52,-3.72,18.3,8277.94
3,-1.53,-0.38,19.17,8274.39
3,-0.07,0.19,19.26,8271.14
3,0.45,-1.89,18.61,8265.43
3,-0.95,1.04,18.58,8263.49
3,3.03,-0.26,20.36,8261.29
3,-0.32,0.15,21.99,8256.83
3,-0.06,1.43,20.82,8254.9
3,-1.5,-0.92,20.64,8251.86
3,1.38,0.16,22.87,8249.56
3,-3.75,0.12,22.6,8247.6
3,-3.93,1.36,23.84,8244.29
3,1.94,-0.54,26.38,8241.16
3,-2.27,-1.88,27.59,8238.0
3,-1.53,2.46,28.06,8234.85
3,3.6,1.35,27.3,8230.65
3,-1.04,0.54,26.9,8226.76
3,-1.69,-0.12,26.96,8222.07
3,-2.92,0.2,27.58,8218.22
3,-0.86,0.31,26.42,8215.86
3,-2.07,-0.01,27.16,8212.85
3,0.14,-1.2,26.08,8209.31
3,-0.9,3.02,28.08,8206.06
3,1.7,0.26,29.67,8202.85
3,-1.31,1.1,30.8,8201.02
3,-0.13,-0.4,30.61,8199.3
3,-0.44,-1.24,31.25,8197.33
3,-0.93,0.44,32.1,8194.11
3,-0.47,0.1,31.93,8189.53
3,3.56,1.26,33.52,8186.44
3,1.21,-3.48,33.53,8184.02
3,1.09,3.49,33.58,8179.55
3,-1.91,1.4,33.17,8176.07
3,0.06,-0.48,32.61,8173.83
3,-2.88,-1.84,32.1,8171.37
3,0.5,-0.61,32.49,8169.42
3,2.69,5.6,30.85,8167.98
3,0.49,0.85,30.77,8164.99
3,3.67,1.16,28.05,8161.42
3,3.73,0.01,26.98,8158.35
3,2.87,0.21,27.66,8155.33
3,-1.63,-1.77,27.15,8151.85
3,5.17,1.3,27.36,8149.69
3,2.34,-5.22,27.87,8146.93
3,-0.0,-0.11,27.42,8144.63
3,3.75,-0.68,26.91,8141.9
3,-0.49,-3.36,25.15,8139.33
3,-0.26,1.97,25.29,8137.69
3,0.72,4.77,25.36,8134.75
3,-4.07,-2.48,26.37,8133.15
3,1.33,-2.16,25.39,8130.47
3,0.17,-0.96,24.5,8126.98
3,0.76,-0.39,25.37,8125.14
3,1.21,-3.71,25.53,8121.64
3,-2.76,0.15,25.02,8117.58
3,-0.28,-3.13,25.16,8114.0
3,0.13,-1.66,25.75,8109.46
3,4.64,-1.98,25.35,8106.6
3,-1.51,-0.57,25.27,8103.34
3,-2.66,0.22,25.77,8101.8
3,-2.89,1.39,26.47,8097.88
3,0.8,-1.35,25.64,8093.81
3,1.61,0.43,25.08,8090.28
3,-1.08,0.01,25.32,8087.25
3,1.13,-1.45,24.87,8084.85
3,3.28,-0.32,26.41,8081.62
3,0.5,0.14,25.37,8079.21
3,3.23,2.09,25.32,8076.11
3,-0.99,-1.17,25.32,8074.6
3,2.62,2.15,23.96,8072.42
3,-2.85,-0.36,23.46,8069.52
3,-1.48,0.33,23.04,8065.58
3,-2.29,-0.27,24.71,8061.3
3,0.8,1.54,24.24,8059.37
3,2.0,-0.97,27.2,8057.1
3,0.03,-0.69,27.41,8053.24
3,-2.5,-0.31,26.98,8050.91
3,-2.32,1.22,25.68,8048.15
3,-0.16,-0.48,27.61,8046.06
3,-1.33,0.83,27.89,8042.54
3,2.4,-0.37,28.3,8040.44
3,-0.87,1.64,29.84,8036.87
3,-3.9,-1.47,30.38,8033.83
3,0.99,2.13,30.98,8030.95
3,-1.53,1.57,29.95,8027.55
3,1.11,-2.24,29.68,8025.6
3,1.94,1.33,29.22,8023.99
3,-1.81,-2.02,29.16,8019.65
3,0.11,-3.83,29.78,8016.42
3,1.23,1.07,29.6,8011.54
3,-0.29,0.05,29.56,8008.04
3,3.24,0.96,29.64,8004.71
3,-1.14,-1.16,29.35,8001.93
3,-0.31,0.62,28.82,7997.28
3,2.24,0.46,27.8,7995.43
3,-1.67,0.99,28.89,7992.81
3,-0.15,-5.49,29.35,7990.9
3,-1.38,-1.96,29.73,7986.58
3,1.56,2.54,29.99,7983.79
3,-1.04,0.18,32.18,7982.2
3,1.8,4.36,33.79,7980.56
3,-2.65,-0.22,33.35,7977.06
3,0.22,3.62,34.19,7974.36
3,-0.61,-0.06,33.63,7972.21
3,-0.01,2.1,33.12,7969.5
3,0.02,-1.87,32.89,7964.93
3,0.65,-2.63,32.87,7961.99
3,-1.14,0.05,32.26,7957.76
3,-0.34,2.25,32.56,7956.28
3,1.3,1.77,33.49,7953.61
3,1.25,2.15,33.47,7949.64
3,1.41,-2.2,32.32,7946.64
3,-3.15,-1.12,32.96,7943.41
3,0.71,-1.99,32.53,7942.09
3,-1.01,3.15,33.03,7937.91
3,-1.01,0.14,33.0,7934.73
3,1.44,-0.23,31.69,7930.8
3,0.93,-5.96,31.95,7929.18
3,0.69,1.12,32.71,7925.82
3,1.27,2.38,30.28,7922.14
3,-0.67,-1.78,30.05,7918.02
3,-0.62,3.36,29.62,7916.12
3,-0.58,-1.48,30.06,7913.33
3,-1.6,1.64,30.34,7908.95
3,0.62,2.66,30.01,7904.92
3,2.53,-2.44,29.39,7901.59
3,-3.82,1.74,30.63,7897.58
3,0.26,-0.51,30.12,7892.91
3,-2.16,-0.17,31.97,7887.99
3,-1.58,-0.21,32.34,7886.31
3,1.23,0.15,33.85,7882.33
3,2.06,0.26,33.32,7879.96
3,0.98,-2.77,35.63,7874.51
3,-0.49,0.97,33.71,7871.68
3,-4.55,-0.85,34.59,7868.71
3,1.77,-0.5,35.31,7864.2
3,0.81,4.01,37.0,7860.21
3,-2.8,1.97,38.65,7858.1
3,-3.89,-1.55,39.13,7854.21
3,2.16,-0.9,37.69,7850.83
3,3.57,-0.62,37.3,7848.18
3,0.16,-1.35,37.39,7844.63
3,0.55,-2.55,36.76,7842.3
3,1.21,-1.51,37.59,7839.4
3,-1.21,3.43,38.9,7836.3
3,0.56,-1.99,38.11,7833.89
3,0.84,1.5,38.49,7830.25
3,-3.2,0.64,38.4,7826.97
3,0.31,-0.84,39.07,7822.37
3,-0.86,2.07,38.53,7818.6
3,1.0,-1.98,38.48,7816.03
3,-2.01,0.6,38.11,7812.63
3,-1.82,0.96,37.27,7811.13
3,1.39,0.47,35.64,7806.03
3,0.6,-3.33,35.96,7802.26
3,-0.07,3.32,35.17,7799.55
3,0.5,4.54,35.62,7796.93
3,0.73,0.4,36.48,7791.96
3,-1.48,-4.73,36.84,7789.56
3,3.24,1.33,36.09,7787.2
3,0.26,-0.39,36.12,7784.62
3,1.46,5.53,35.41,7781.73
3,-0.58,1.03,35.75,7777.29
3,3.98,-0.77,36.57,7773.74
3,-4.37,0.52,36.02,7770.16
3,1.44,-2.78,36.85,7766.0
3,1.66,0.08,35.4,7764.15
3,-2.67,1.65,35.55,7760.05
3,-0.61,1.89,35.26,7756.64
3,1.43,-0.3,34.44,7755.42
3,-1.17,-1.29,34.55,7753.99
3,0.28,1.32,32.44,7751.2
3,1.64,1.35,34.14,7748.58
3,-0.59,-2.59,33.83,7746.41
3,0.9,-3.02,32.84,7742.71
3,-0.98,-3.36,33.46,7740.83
3,-4.67,1.73,32.75,7739.44
3,3.26,-2.17,33.85,7734.36
3,3.98,-2.04,34.02,7730.63
3,-1.51,2.13,33.35,7727.15
3,-0.95,-2.97,32.12,7725.99
3,0.37,-1.83,30.57,7722.93
3,0.27,-1.72,29.36,7720.06
3,0.07,3.88,29.18,7717.96
3,-2.04,-1.81,28.94,7715.26
3,2.27,-2.15,28.37,7711.84
3,-0.87,0.29,28.46,7712.39
3,1.58,1.1,28.95,7711.65
3,0.62,-0.07,29.56,7708.79
3,-1.18,3.69,28.35,7708.25
3,-2.54,-1.88,28.84,7704.88
3,-2.89,-0.96,29.07,7702.79
3,4.83,1.86,28.74,7699.68
3,-0.22,0.03,29.02,7696.59
3,-0.66,-1.75,29.6,7694.19
3,0.25,1.59,29.39,7690.59
3,-0.71,-3.7,29.49,7687.77
3,-0.29,0.56,28.41,7684.64
3,3.66,-1.43,28.38,7682.36
3,2.6,0.79,27.81,7678.46
3,0.74,0.65,28.45,7674.21
3,-0.44,-3.41,29.26,7671.0
3,-1.92,0.97,29.46,7669.98
3,-1.8,-1.24,27.83,7667.32
3,-2.08,-2.49,27.35,7664.57
3,0.56,-3.05,28.18,7660.99
3,0.07,0.85,27.88,7658.27
3,-1.33,-2.14,27.21,7655.92
3,-0.04,0.95,26.68,7652.36
3,3.72,1.97,26.73,7649.32
3,0.43,-2.31,26.94,7647.71
3,-1.91,0.97,26.88,7642.97
3,-1.17,-2.47,26.19,7641.01
3,3.75,-0.27,27.37,7637.81
3,-0.28,0.84,27.48,7633.5
3,2.19,1.67,26.73,7629.31
3,0.73,-5.43,27.03,7627.0
3,0.31,-1.46,26.73,7624.77
3,0.49,-0.66,27.06,7622.68
3,-2.56,-3.17,28.34,7619.93
3,-0.69,-0.68,28.7,7616.94
3,-1.99,-0.0,27.05,7614.43
3,-0.35,0.04,29.24,7612.23
3,-0.19,3.21,29.25,7610.86
3,-0.53,3.16,30.81,7607.45
3,-1.99,0.49,30.3,7604.58
3,0.27,-0.46,30.94,7601.52
3,1.06,-0.14,30.65,7600.42
3,-2.73,-2.93,31.53,7598.78
3,-0.15,1.64,31.12,7596.22
3,1.71,-0.15,30.8,7593.16
3,-5.79,0.22,29.94,7588.93
3,0.62,-2.1,30.48,7586.89
3,0.92,3.32,31.46,7583.99
3,2.78,-0.63,32.47,7582.02
3,-2.42,-2.43,31.78,7580.38
3,0.3,-2.85,30.6,7579.89
3,-2.56,-0.43,31.18,7577.16
3,2.92,-1.68,31.15,7575.21
3,0.08,1.76,31.67,7571.82
3,-3.13,1.15,31.46,7569.53
3,-3.12,3.4,31.21,7565.84
3,3.51,-1.29,30.44,7564.13
3,-2.69,4.45,30.07,7559.42
3,3.14,-2.49,29.92,7556.92
3,5.3,-1.06,31.21,7554.88
3,0.77,-3.37,33.02,7551.69
3,1.51,-3.98,33.79,7547.6
3,2.91,-0.89,35.76,7545.61
3,2.44,1.43,35.5,7542.87
3,-1.64,-4.44,34.37,7540.35
3,-1.6,0.23,34.73,7536.93
3,2.73,2.86,34.31,7532.83
3,0.73,-1.63,33.38,7528.81
3,-0.13,-0.5,33.39,7526.83
3,-4.16,-3.37,33.3,7523.1
3,1.74,-3.48,33.45,7522.34
3,0.25,-5.58,32.56,7519.11
3,4.48,-2.73,32.84,7516.67
3,-2.09,-3.28,31.43,7514.16
3,-2.75,-0.68,33.09,7512.65
3,-1.76,-0.83,32.63,7509.38
3,-2.74,-3.2,33.2,7506.23
3,-0.99,-1.1,31.75,7503.9
3,3.72,0.27,33.44,7498.81
3,0.15,1.99,33.65,7494.52
3,0.55,-0.34,35.82,7491.28
3,-0.24,-3.3,36.57,7488.44
3,2.45,2.3,35.82,7485.6
3,-1.44,-2.2,36.26,7482.11
3,-0.59,2.08,35.75,7481.67
3,-0.23,-0.22,36.39,7478.17
3,-1.72,1.14,36.49,7474.02
3,0.7,-1.84,36.26,7470.91
3,-5.35,-2.02,35.8,7467.56
3,0.13,0.78,35.87,7464.94
3,0.29,0.43,35.57,7462.87
3,0.48,-2.55,35.45,7458.93
3,0.4,1.24,32.52,7456.98
3,-0.49,1.79,31.0,7453.29
3,-0.53,0.67,31.3,7451.63
3,0.37,-2.26,33.21,7447.91
3,-0.09,1.06,33.35,7446.5
3,-0.72,-0.73,32.5,7443.39
3,-2.0,3.37,32.33,7443.08
3,5.38,-2.45,31.28,7440.1
3,0.44,-0.43,31.77,7439.14
3,0.78,-2.86,31.19,7435.41
3,0.13,-2.29,32.13,7434.09
3,1.92,-1.57,31.34,7429.33
3,-0.81,-3.11,30.32,7425.45
3,-0.81,-0.96,29.69,7424.11
3,1.26,0.62,30.36,7420.62
3,1.92,1.07,29.06,7418.49
3,0.31,-0.97,28.58,7414.05
3,1.38,0.89,28.24,7410.85
3,-4.04,0.65,28.44,7407.98
3,-0.0,-0.7,29.41,7403.83
3,-1.48,-2.52,30.07,7401.8
3,1.43,-1.15,28.12,7398.44
3,-1.39,-0.49,27.92,7396.42
3,1.71,0.05,27.44,7393.96
3,-1.76,1.91,27.03,7391.44
3,3.71,4.61,27.77,7386.04
3,-0.95,2.76,28.0,7383.31
3,0.05,-0.94,26.85,7380.3
3,-0.33,-1.8,26.64,7377.35
3,1.3,2.67,26.37,7373.57
3,-0.29,-1.95,25.63,7369.15
3,0.15,-1.59,25.7,7365.41
3,3.29,0.65,26.07,7362.93
3,-2.06,-2.54,24.86,7359.43
3,2.13,-0.29,23.73,7356.39
3,0.44,2.08,23.02,7352.7
3,-0.63,1.38,23.68,7349.12
3,-0.5,-0.71,24.28,7344.37
3,0.61,1.5,25.02,7341.13
3,-0.38,-1.83,24.94,7338.51
3,-2.13,1.72,25.17,7335.31
3,-2.07,2.8,25.53,7334.12
3,0.41,0.63,25.09,7331.18
3,-1.25,-4.21,24.51,7328.86
3,-2.41,-1.8,25.12,7328.4
3,-1.58,-4.16,26.09,7325.28
3,-0.42,-0.05,27.62,7323.28
3,0.22,-1.83,29.58,7320.45
3,0.27,3.82,30.49,7317.56
3,3.26,-1.84,30.73,7314.92
3,-1.34,0.15,31.57,7311.76
3,2.63,-1.3,30.92,7308.12
3,-0.82,-0.36,31.55,7304.55
3,-1.49,-2.13,31.18,7301.7
3,-0.36,-1.26,30.16,7299.44
3,1.45,-0.44,31.12,7296.3
3,2.73,0.18,30.83,7294.46
3,0.18,0.9,31.23,7290.82
3,-2.59,0.05,28.78,7288.28
3,0.27,-0.81,28.99,7285.69
3,3.33,3.01,29.64,7283.26
3,3.68,-1.15,28.79,7278.5
3,-0.44,-2.75,28.76,7277.42
3,2.23,-0.82,28.19,7272.35
3,-2.91,-1.63,27.45,7269.64
3,-0.46,-0.74,27.3,7266.2
3,-4.7,2.37,26.93,7262.61
3,-0.47,1.53,26.92,7257.49
3,-1.62,1.08,27.32,7254.89
3,-2.77,-1.28,27.83,7252.05
3,0.87,-1.55,26.29,7247.86
3,-0.12,-1.36,26.52,7243.13
3,-0.39,-1.86,27.37,7241.47
3,3.45,-2.6,26.4,7237.42
3,1.91,1.44,27.72,7235.47
3,-0.16,-0.01,26.88,7233.06
3,1.68,-0.22,26.98,7231.7
3,-1.67,0.77,27.34,7229.01
3,-1.19,-1.0,27.97,7226.91
3,-1.65,0.11,26.64,7225.06
3,0.05,-2.4,25.71,7221.94
3,-0.73,-0.72,24.7,7218.98
3,0.1,-0.01,23.78,7215.86
3,2.25,2.06,22.44,7211.74
3,-0.27,-3.32,21.89,7207.65
3,1.71,-1.15,21.79,7205.45
3,0.32,-0.6,21.72,7203.3
3,-6.62,-0.67,21.29,7201.08
3,-1.9,1.29,21.49,7197.28
3,-2.18,2.76,20.95,7194.97
3,-0.18,0.04,22.22,7192.12
3,0.07,-0.55,22.93,7189.29
3,-2.12,0.97,22.47,7187.19
3,-0.13,-1.11,23.19,7184.98
3,0.1,-1.97,22.64,7182.67
3,-2.07,1.71,23.44,7179.91
3,0.9,-2.71,21.72,7175.82
3,-2.47,-1.22,21.75,7173.03
3,-1.52,0.17,22.01,7170.06
3,-1.83,-2.27,20.5,7167.78
3,1.72,1.27,19.69,7166.64
3,0.93,1.23,19.97,7164.54
3,-2.94,2.47,20.25,7161.95
3,-0.12,-0.81,20.85,7159.44
3,0.63,-0.47,21.57,7157.25
3,-0.95,3.05,20.24,7154.54
3,-0.27,0.35,21.04,7150.75
3,-3.0,-0.52,19.9,7146.82
3,0.63,-2.1,21.97,7143.36
3,-3.63,-0.65,20.62,7140.52
3,-2.39,1.31,19.21,7136.19
3,-1.92,1.84,19.66,7134.64
3,1.47,-2.76,19.62,7130.78
3,-2.22,0.12,19.91,7127.0
3,-2.67,3.84,19.13,7124.04
3,-0.22,-0.32,19.93,7122.0
3,0.27,-1.09,17.35,7119.07
3,-0.04,1.63,17.05,7115.89
3,-4.17,-0.49,18.29,7113.11
3,1.77,-3.85,18.61,7108.73
3,2.01,1.76,19.79,7107.03
3,-0.1,-0.16,20.8,7104.52
3,-1.66,0.2,19.68,7101.25
3,1.74,0.56,20.84,7099.18
3,0.17,1.27,18.06,7095.62
3,-2.04,-1.3,19.68,7091.63
3,-1.78,-1.67,19.04,7089.62
3,0.3,0.22,17.57,7087.61
3,0.04,-0.73,16.88,7086.21
3,0.83,0.02,16.85,7083.3
3,-1.17,0.29,15.61,7082.07
3,-2.28,2.55,16.55,7079.31
3,1.64,-0.28,15.08,7076.33
3,-2.99,-1.02,14.86,7072.3
3,-0.05,0.85,14.5,7069.19
3,1.19,1.24,14.52,7066.53
3,-1.14,-0.67,13.47,7064.71
3,1.22,-0.12,14.11,7060.67
3,2.65,-1.23,12.58,7058.65
3,0.7,2.47,13.46,7056.01
3,2.06,1.85,13.01,7053.41
3,-0.99,2.96,11.87,7050.55
3,3.96,-3.73,13.12,7047.26
3,-1.87,1.6,14.24,7043.67
3,1.89,-0.05,13.5,7039.23
3,0.85,0.24,12.94,7036.9
3,-1.41,0.92,12.27,7033.21
3,-1.58,3.65,13.02,7030.61
3,-4.3,2.25,11.47,7027.83
3,-1.27,-0.59,10.49,7024.62
3,1.06,-0.36,10.53,7023.1
3,0.28,-3.19,10.52,7019.05
3,-2.11,-1.45,9.33,7015.9
3,3.95,0.01,9.57,7013.91
3,-1.55,-2.93,8.21,7010.47
3,0.69,0.6,9.09,7009.46
3,-3.06,1.0,8.57,7006.49
3,-0.69,-1.49,8.43,7003.59
3,-1.27,-1.45,9.38,7001.09
3,1.1,1.64,11.73,6997.38
3,1.41,1.81,12.47,6994.13
3,2.76,-3.18,11.71,6991.24
3,2.94,5.14,13.6,6988.52
3,-2.01,-1.17,14.8,6984.33
3,0.94,-3.83,14.0,6981.33
3,-1.78,2.99,13.56,6978.82
3,-0.6,-0.35,12.35,6974.26
3,2.06,-1.5,13.09,6972.82
3,-4.54,0.62,14.12,6969.46
3,-1.86,2.96,15.67,6967.23
3,2.25,1.52,15.22,6966.52
3,1.31,0.04,14.15,6963.56
3,-1.3,-1.43,12.99,6960.59
3,1.93,-0.32,14.15,6955.75
3,1.0,1.27,14.93,6953.24
3,-2.2,-0.78,14.86,6951.57
3,-1.27,-0.78,16.32,6949.03
3,-0.33,-1.57,17.47,6945.58
3,1.38,1.8,16.92,6941.68
3,1.2,-2.03,15.96,6937.51
3,0.04,-1.21,15.25,6933.13
3,-0.73,1.56,15.01,6930.47
3,1.23,0.27,15.9,6927.1
3,-0.75,1.1,13.64,6921.73
3,-1.19,0.81,13.1,6917.71
3,0.65,1.76,13.78,6914.76
3,-3.04,0.16,14.98,6912.22
3,1.0,-1.51,13.28,6908.8
3,-3.02,-2.29,13.35,6902.0
3,-2.19,1.09,13.83,6899.32
3,-1.74,2.12,14.93,6895.83
3,-0.53,-0.55,13.4,6894.15
3,0.95,-4.89,13.05,6891.28
3,-3.3,0.07,10.9,6886.87
3,-0.92,-1.38,13.35,6883.89
3,1.33,-0.63,13.69,6881.14
3,2.93,1.36,13.91,6877.17
3,-0.36,3.62,14.87,6873.6
3,-2.16,-0.2,13.38,6870.33
3,0.03,1.85,13.37,6869.12
3,0.05,1.02,12.53,6865.36
3,-1.42,4.94,12.82,6863.78
3,-2.23,1.89,12.79,6862.23
3,-0.69,-1.94,11.62,6858.08
3,-0.01,-2.83,10.2,6855.9
3,-0.22,2.05,10.12,6851.9
3,2.44,2.59,10.65,6849.98
3,-0.66,-1.01,11.4,6846.98
3,-0.1,-3.18,11.55,6846.31
3,0.88,-2.66,11.77,6842.39
3,-1.37,2.37,12.21,6840.33
3,-0.32,0.31,12.34,6838.02
3,0.24,2.34,13.84,6835.01
3,0.79,-3.23,13.91,6831.34
3,0.57,-0.01,14.2,6828.8
3,-0.71,-3.75,14.53,6824.24
3,-3.39,-0.74,14.88,6820.71
3,2.14,-0.54,14.46,6817.0
3,-1.12,1.03,14.23,6814.58
3,-4.46,2.92,14.94,6811.75
3,-2.1,-0.24,15.52,6808.81
3,1.55,-2.98,16.42,6805.09
3,0.33,3.05,17.07,6801.68
3,0.33,1.01,16.36,6800.45
3,3.27,-0.45,15.89,6797.2
3,-3.41,1.07,16.65,6796.33
3,1.87,-0.05,16.26,6795.39
3,2.34,0.86,15.68,6795.5
3,-1.0,-2.39,15.45,6793.05
3,-1.57,1.29,15.72,6790.81
3,0.95,-0.75,14.54,6787.81
3,1.01,-1.78,16.64,6784.21
3,-1.99,0.69,16.48,6781.68
3,-1.16,-1.55,15.28,6779.88
3,2.44,4.54,16.58,6776.93
3,2.2,-2.18,18.06,6773.42
3,1.91,-1.33,16.49,6772.51
3,-1.13,-1.03,16.66,6769.4
3,1.38,0.64,16.55,6766.63
3,1.3,0.03,16.68,6763.78
3,-1.6,0.53,16.78,6761.4
3,-2.36,1.52,17.06,6758.13
3,-2.38,-3.13,17.27,6753.6
3,1.82,0.52,17.74,6750.03
3,-4.24,0.91,16.11,6745.96
3,-0.35,1.41,15.45,6743.42
3,2.24,-0.19,15.45,6740.75
3,0.2,0.79,15.57,6736.03
3,-1.67,-0.55,15.28,6734.54
3,-0.61,-2.79,16.07,6729.62
3,-4.55,-3.37,16.47,6726.14
3,2.09,-0.37,16.47,6722.87
3,-2.05,-1.23,16.81,6721.18
3,1.5,-1.75,17.74,6717.34
3,-2.14,2.09,19.52,6713.68
3,-0.71,-5.4,18.3,6709.35
3,-1.53,2.4,18.59,6705.06
3,-0.35,0.16,18.37,6703.07
3,1.54,0.49,17.36,6699.19
3,-0.12,1.15,16.95,6696.0
3,2.71,2.24,18.22,6691.93
3,2.08,-2.4,19.23,6689.69
3,1.97,0.8,17.86,6686.2
3,-1.15,1.03,17.68,6685.01
3,-0.73,-1.52,17.25,6681.41
3,2.76,0.73,16.46,6678.51
3,-0.5,-1.53,15.89,6674.1
3,-1.73,-2.45,15.32,6671.61
3,-0.14,-2.72,15.68,6668.79
3,1.97,0.82,14.98,6666.03
3,0.66,2.36,14.92,6662.08
3,-0.45,1.03,16.24,6661.68
3,1.1,0.26,16.27,6658.39
3,-1.38,-1.67,16.23,6654.03
3,1.19,1.54,16.52,6649.92
3,-0.23,1.94,14.78,6645.13
3,3.06,0.76,16.0,6642.69
3,-4.31,1.85,15.71,6639.16
3,1.11,-3.12,15.15,6636.13
3,2.9,-0.64,14.24,6634.48
3,1.27,-4.31,14.1,6630.83
3,-2.34,0.41,11.9,6627.92
3,-4.89,-1.19,10.99,6624.42
3,-0.23,3.05,11.1,6621.49
3,5.1,-0.43,11.59,6617.56
3,-0.83,-0.94,12.62,6614.2
3,-0.19,-1.8,14.55,6612.02
3,0.3,-0.63,14.66,6607.24
3,3.25,-0.26,14.34,6604.47
3,1.19,0.46,15.15,6600.89
3,0.25,0.44,14.9,6597.72
3,3.11,-2.16,14.83,6595.07
3,-2.4,1.23,15.72,6592.73
3,2.66,-2.6,15.18,6591.26
3,3.49,1.87,16.53,6587.33
3,-1.03,-0.11,15.71,6585.38
3,-2.59,-1.87,15.53,6581.82
3,0.31,3.01,15.03,6579.13
3,0.59,-2.92,13.65,6576.44
3,1.08,-2.36,14.8,6573.17
3,-0.4,0.58,14.5,6569.0
3,1.86,0.02,14.75,6565.31
3,0.78,-1.0,15.54,6561.02
3,1.13,1.47,14.75,6557.19
3,-1.96,0.74,13.52,6555.62
3,1.89,-1.34,12.2,6551.83
3,1.87,2.51,11.5,6548.56
3,-2.0,1.86,10.75,6547.07
3,0.12,-1.1,10.92,6544.36
3,2.16,-1.78,11.99,6541.67
3,-2.43,-1.0,11.9,6539.06
3,2.93,-3.73,10.1,6535.12
3,-1.07,2.65,10.4,6533.69
3,-1.7,-1.52,9.99,6531.17
3,3.19,-1.07,9.35,6527.24
3,0.31,-2.57,9.43,6524.93
3,1.39,-2.77,9.95,6520.9
3,-0.57,2.54,10.23,6518.57
3,0.32,-0.68,11.35,6514.83
3,-0.22,-1.74,9.99,6510.65
3,-4.59,-2.25,8.66,6508.92
3,-0.84,-0.94,9.39,6506.9
3,0.36,2.15,9.12,6503.71
3,-0.43,2.05,9.22,6501.76
3,-0.14,0.08,8.35,6499.11
3,-0.72,-0.25,9.19,6496.76
3,-3.4,2.92,7.06,6493.59
3,-0.6,3.68,7.29,6489.87
3,-1.47,0.71,7.81,6487.11
3,-1.37,1.68,6.82,6482.96
3,-1.12,2.75,6.42,6480.25
3,-1.43,0.27,7.15,6478.41
3,-0.11,2.48,5.09,6476.0
3,-0.11,0.54,5.74,6471.65
3,3.69,0.34,4.43,6468.06
3,-1.87,2.14,5.63,6464.64
3,-0.38,-2.59,6.99,6462.18
3,0.17,-0.65,6.75,6460.08
3,0.4,-1.1,6.9,6457.65
3,-0.21,2.49,6.89,6455.05
3,2.51,-0.84,8.67,6453.21
3,3.38,-1.59,9.17,6449.84
3,0.66,-2.96,10.83,6446.33
3,0.27,-1.31,10.86,6442.19
3,-0.58,2.26,9.67,6437.78
3,0.55,2.75,10.05,6434.15
3,-5.06,-3.83,9.58,6430.61
3,3.97,0.27,10.76,6426.25
3,1.83,-0.41,9.8,6424.63
3,1.92,0.37,9.36,6422.04
3,-3.02,1.19,10.46,6418.81
3,0.56,-0.57,9.41,6415.82
3,1.0,-0.53,9.53,6412.94
3,2.92,0.44,9.88,6408.09
3,-1.93,0.52,9.55,6402.59
3,-1.83,1.93,9.4,6401.45
3,-1.37,-0.31,9.31,6398.61
3,2.71,-2.0,8.7,6395.86
3,-1.71,-3.11,7.79,6394.45
3,0.39,3.23,9.7,6390.72
3,-3.73,2.64,10.65,6388.23
3,-1.17,3.92,10.08,6384.78
3,-3.78,1.37,10.0,6380.75
3,0.22,-2.48,8.61,6378.24
3,-2.8,2.34,8.18,6374.34
3,-0.66,1.39,8.69,6371.0
3,0.97,2.2,9.0,6368.93
3,1.44,-0.81,10.03,6368.6
3,1.65,2.22,11.49,6365.29
3,1.42,1.7,12.04,6362.83
3,-0.7,0.99,11.26,6359.8
3,2.01,-2.73,11.78,6355.33
3,1.92,1.34,10.99,6353.75
3,-2.61,0.39,11.41,6350.37
3,1.32,0.41,11.43,6346.84
3,-2.22,0.3,11.57,6343.8
3,-0.09,-3.56,12.56,6340.5
3,-0.54,-1.16,9.92,6336.9
3,0.44,2.56,8.85,6333.67
3,4.25,0.57,6.11,6331.83
3,3.83,1.52,6.24,6327.9
3,-1.38,-3.64,8.31,6324.81
3,4.75,1.38,9.34,6322.26
3,0.02,0.72,8.58,6319.21
3,2.43,1.92,6.63,6317.78
3,0.86,2.89,6.39,6314.87
3,-0.3,0.7,6.4,6312.86
3,2.04,-0.75,6.62,6309.07
3,-1.1,-0.9,6.38,6305.58
3,-0.99,1.44,5.89,6302.88
3,2.03,-2.0,4.57,6299.46
3,0.54,0.75,4.94,6296.3
3,4.36,-3.52,4.96,6292.08
3,-0.22,0.45,6.07,6288.73
3,0.26,-0.89,6.82,6285.55
3,4.37,0.3,5.5,6281.84
3,0.97,-0.61,4.29,6278.31
3,-0.45,2.01,2.97,6272.42
3,2.01,0.99,2.25,6268.92
3,-4.55,0.43,1.2,6265.26
3,0.42,0.43,1.73,6263.25
3,-0.73,-0.71,1.25,6258.14
3,-0.46,-0.13,-0.36,6253.79
3,0.63,-1.7,-1.5,6251.96
3,-1.12,-2.67,-2.86,6249.19
3,-0.18,-1.38,-3.39,6246.61
3,-0.53,-0.56,-4.1,6242.98
3,3.5,1.39,-4.43,6239.31
3,-2.96,-2.39,-3.71,6235.21
3,2.44,-3.77,-4.04,6229.81
3,-0.46,-1.45,-3.11,6230.1
3,2.31,-2.77,-3.12,6228.87
3,-4.69,3.48,-4.76,6225.52
3,2.28,1.88,-7.79,6222.72
3,-3.24,-1.09,-7.34,6219.29
3,-0.96,-0.47,-7.26,6215.59
3,-0.35,-1.21,-8.48,6213.22
3,0.11,1.24,-9.68,6210.42
3,3.47,-0.18,-10.45,6206.37
3,-1.87,0.52,-9.2,6203.45
3,-2.7,-0.55,-10.08,6199.64
3,-1.44,-1.31,-10.73,6195.61
3,-0.61,2.02,-11.07,6193.85
3,-2.83,-2.45,-11.76,6190.34
3,-0.41,-0.6,-13.37,6189.5
3,-3.26,0.14,-13.12,6184.96
3,3.26,-1.73,-12.64,6182.93
3,-1.86,-0.28,-11.7,6181.38
3,-3.9,-1.51,-10.11,6178.31
3,1.9,-1.13,-10.24,6174.99
3,1.93,-1.35,-12.37,6171.9
3,-1.68,7.2,-13.45,6169.2
3,4.33,3.34,-14.81,6166.21
3,-0.46,-2.09,-15.29,6163.74
3,-3.81,3.52,-15.58,6159.54
3,-2.18,2.3,-16.51,6155.71
3,3.16,-1.2,-16.54,6151.86
3,1.09,-3.7,-16.82,6150.07
3,1.61,0.68,-18.38,6147.34
3,0.42,2.81,-17.68,6144.61
3,-2.85,-0.72,-16.45,6140.76
3,-2.65,-4.64,-17.39,6136.34
3,0.54,-0.64,-17.82,6133.47
3,0.29,3.35,-18.1,6129.99
3,-2.69,1.81,-17.34,6126.8
3,1.09,-0.15,-16.18,6122.76
3,1.21,1.36,-17.1,6117.41
3,5.39,1.32,-18.06,6114.72
3,-0.07,-3.49,-16.67,6111.5
3,0.22,3.34,-16.25,6108.3
3,0.61,-0.29,-16.85,6104.15
3,0.03,-1.76,-17.83,6102.45
3,1.89,-3.41,-16.32,6098.64
3,1.64,0.64,-15.44,6094.56
3,-1.91,1.86,-17.39,6092.45
3,4.15,-1.77,-17.8,6090.47
3,2.5,-1.16,-17.19,6086.78
3,3.19,1.7,-16.2,6083.55
3,-0.36,-0.35,-16.47,6081.12
3,-0.99,-0.85,-16.45,6078.85
3,-1.82,2.74,-16.22,6075.11
3,0.09,1.31,-17.12,6071.4
3,-0.65,-4.11,-16.13,6067.49
3,1.69,-1.02,-15.51,6064.67
3,-1.21,0.34,-14.05,6063.73
3,0.96,1.99,-13.56,6061.42
3,3.35,2.26,-13.96,6059.63
3,-0.07,-0.01,-12.78,6054.94
3,-3.08,-3.01,-12.93,6053.34
3,2.32,-2.02,-12.93,6050.2
3,0.55,-0.38,-13.62,6048.02
3,-1.47,4.34,-14.69,6046.81
3,2.16,-2.38,-14.13,6043.6
3,-1.82,-2.31,-14.29,6040.45
3,-0.37,2.66,-13.47,6037.93
3,1.49,-0.88,-12.34,6035.51
3,-3.4,-1.87,-12.87,6033.32
3,-0.08,0.87,-12.31,6030.02
3,-0.27,1.1,-13.01,6025.19
3,-1.98,-1.14,-12.29,6020.73
3,2.14,2.19,-12.03,6015.9
3,2.7,-2.98,-10.84,6013.34
3,-0.64,2.85,-10.5,6010.32
3,0.57,-1.73,-9.92,6007.4
3,-0.86,-0.38,-11.45,6004.95
3,0.72,0.37,-9.57,6002.27
3,-1.44,1.5,-11.93,6001.19
3,-1.02,0.77,-13.03,5997.66
3,1.09,-1.41,-12.29,5994.99
3,-1.96,2.63,-12.25,5990.79
3,3.08,2.26,-12.29,5987.3
3,0.11,-3.08,-13.29,5986.31
3,1.39,-0.89,-14.14,5985.04
3,1.25,2.78,-16.26,5981.67
3,1.26,-0.88,-16.94,5979.63
3,3.37,2.93,-16.48,5976.01
3,-1.33,-0.32,-17.23,5973.19
3,-1.6,-0.29,-16.64,5971.39
3,-1.55,1.15,-17.43,5968.99
3,4.61,-2.19,-18.06,5965.8
3,1.38,3.18,-17.29,5964.03
3,3.22,2.0,-17.61,5961.58
3,3.9,1.66,-16.66,5958.27
3,-2.4,-0.34,-17.29,5954.05
3,2.72,0.87,-17.71,5950.74
3,3.84,0.62,-15.6,5947.03
3,0.7,-0.57,-15.9,5944.63
3,-2.25,-0.63,-16.51,5941.27
3,-0.02,1.26,-17.67,5938.0
3,1.62,-1.07,-16.82,5935.62
3,-1.85,1.21,-16.9,5931.75
3,-1.62,4.38,-15.92,5929.01
3,1.51,1.44,-13.75,5925.97
3,0.7,-2.44,-13.48,5924.7
3,-2.05,0.72,-13.33,5920.42
3,1.21,2.14,-14.07,5916.86
3,3.25,5.03,-14.94,5913.85
3,1.35,-2.32,-15.66,5910.64
3,1.92,0.27,-13.98,5908.16
3,0.24,-1.51,-14.64,5904.17
3,-2.23,-1.19,-14.59,5902.94
3,-1.54,2.54,-14.39,5900.29
3,2.45,-1.9,-16.8,5897.69
3,-1.58,0.84,-17.93,5894.82
3,2.26,3.57,-19.68,5892.46
3,-0.23,-1.19,-21.19,5888.43
3,-1.83,-0.37,-21.64,5883.61
3,0.9,1.68,-20.88,5881.72
3,0.19,1.1,-21.26,5877.87
3,4.39,-1.44,-22.1,5875.6
3,-0.16,-2.19,-21.86,5871.76
3,-3.43,-4.69,-20.96,5869.2
3,-4.65,0.95,-21.24,5868.03
3,5.07,1.2,-21.89,5864.23
3,-0.22,0.34,-20.16,5861.87
3,-1.02,1.46,-19.77,5858.51
3,-2.61,0.08,-17.99,5855.99
3,0.26,0.6,-16.1,5853.65
3,-2.22,-3.63,-17.63,5850.4
3,-0.56,1.18,-17.47,5847.31
3,-2.48,0.89,-16.59,5844.46
3,-3.54,0.18,-16.97,5840.41
3,-3.06,-3.81,-18.5,5836.42
3,-1.54,3.79,-16.93,5834.42
3,-0.43,-1.11,-16.49,5831.18
3,2.19,-0.26,-16.3,5828.13
3,2.61,1.0,-16.52,5825.75
3,-0.71,0.19,-15.44,5822.41
3,-3.22,-1.64,-15.69,5818.68
3,-1.34,0.85,-14.9,5815.01
3,-0.16,2.37,-16.46,5812.36
3,1.42,2.46,-17.04,5809.35
3,2.76,1.35,-18.81,5805.47
3,2.05,0.5,-18.08,5803.0
3,4.26,1.87,-18.1,5797.91
3,0.58,-1.12,-19.26,5794.29
3,-1.23,1.92,-19.4,5791.7
3,-2.78,0.03,-19.65,5789.12
3,0.8,0.19,-19.76,5785.88
3,1.62,3.07,-19.63,5782.81
3,-1.81,-2.19,-19.06,5781.27
3,1.09,-0.74,-19.21,5776.63
3,0.02,1.99,-18.57,5772.39
3,-0.87,0.96,-17.51,5770.23
3,-2.28,-3.02,-18.14,5767.78
3,0.45,-2.15,-17.49,5764.1
3,4.55,-0.09,-17.68,5761.71
3,3.79,0.64,-17.19,5758.8
3,3.39,1.44,-17.1,5757.12
3,0.55,-0.05,-16.85,5754.34
3,2.4,1.42,-16.82,5751.25
3,0.07,-1.21,-17.86,5748.05
3,2.14,-1.69,-17.0,5747.53
3,-1.67,1.81,-17.63,5744.19
3,0.5,1.96,-19.1,5741.3
3,-3.81,0.71,-17.48,5739.27
3,-0.1,0.78,-17.15,5737.46
3,4.34,-0.29,-18.38,5736.22
3,2.17,3.25,-19.75,5732.61
3,1.33,4.07,-20.42,5730.55
3,-1.35,0.5,-21.38,5727.94
3,1.14,1.19,-21.04,5724.01
3,-0.75,0.85,-20.39,5721.6
3,0.73,1.27,-19.2,5719.18
3,-3.6,-0.85,-18.2,5717.1
3,0.89,-2.52,-18.22,5715.1
3,1.34,1.14,-16.11,5711.14
3,4.89,4.28,-17.58,5706.91
3,0.25,1.31,-16.39,5704.33
3,0.64,1.65,-17.07,5699.96
3,3.07,-2.43,-17.23,5697.46
3,-0.74,-1.02,-15.28,5693.46
3,-1.2,-1.04,-13.76,5691.95
3,-1.37,-0.44,-14.53,5690.34
3,-2.41,2.04,-13.78,5686.6
3,1.2,-2.52,-13.57,5684.85
3,-0.6,-0.11,-13.64,5681.65
3,-1.05,-3.61,-15.13,5678.63
3,-1.9,-3.63,-15.23,5675.45
3,0.39,1.24,-15.01,5674.93
3,1.42,1.48,-15.0,5669.74
3,-1.24,-6.18,-14.74,5667.34
3,-2.65,0.11,-13.71,5664.24
3,2.64,0.18,-12.13,5663.62
3,0.04,0.35,-10.33,5658.85
3,-2.13,-1.04,-10.46,5655.75
3,-0.97,-1.58,-9.4,5653.29
3,-1.85,1.02,-10.53,5649.83
3,-0.57,-1.28,-12.69,5644.65
3,0.93,-1.14,-11.71,5643.45
3,1.34,-1.16,-11.26,5640.61
3,1.89,1.09,-9.57,5639.25
3,1.33,-2.23,-9.54,5636.34
3,-1.7,2.82,-9.63,5633.16
3,-1.26,1.91,-11.39,5629.22
3,4.11,0.14,-12.03,5625.27
3,-1.56,-0.35,-10.74,5621.68
3,1.24,-2.15,-11.44,5618.59
3,-1.04,-1.52,-11.48,5616.58
3,-0.53,-2.29,-11.21,5613.83
3,3.18,2.73,-10.46,5612.23
3,5.73,0.53,-10.43,5609.89
3,-1.47,-1.61,-10.8,5607.47
3,-3.52,-1.42,-10.85,5604.2
3,4.48,0.15,-11.48,5600.55
3,2.51,2.65,-12.79,5597.33
3,0.37,-4.44,-12.57,5593.48
3,0.03,1.39,-12.12,5591.73
3,-0.13,-0.2,-11.69,5589.54
3,0.76,-0.48,-11.14,5586.71
3,-0.31,2.09,-10.74,5582.33
3,0.36,2.0,-10.97,5579.73
3,1.31,1.41,-11.69,5577.24
3,-0.97,-0.43,-12.91,5574.01
3,-2.05,0.52,-13.01,5572.37
3,0.07,3.21,-14.17,5568.45
3,-2.5,-2.51,-14.3,5565.61
3,-0.39,1.56,-14.28,5562.96
3,-1.6,-1.57,-15.46,5560.7
3,-1.89,1.59,-14.35,5558.52
3,1.56,0.21,-14.25,5553.34
3,0.85,1.62,-15.79,5551.59
3,3.21,0.33,-15.55,5548.3
3,0.41,-0.57,-14.38,5547.04
3,2.8,0.2,-14.89,5545.51
3,-2.09,1.23,-14.29,5541.82
3,1.98,0.85,-15.6,5539.13
3,0.77,-0.62,-15.64,5535.84
3,2.63,0.48,-14.49,5532.26
3,-2.35,6.0,-14.52,5529.68
3,1.13,0.66,-16.4,5526.38
3,-1.52,-1.71,-16.07,5524.56
3,0.84,3.97,-16.51,5520.93
3,-3.05,-0.75,-17.72,5518.4
3,-0.81,4.29,-17.64,5514.4
3,1.52,2.27,-18.34,5511.72
3,-2.45,2.61,-19.3,5508.56
3,-1.79,-1.89,-17.68,5504.83
3,1.44,-1.25,-18.2,5501.49
3,-2.02,1.04,-17.92,5497.51
3,-2.78,0.2,-16.75,5494.72
3,-0.13,0.25,-18.27,5491.66
3,2.13,5.34,-17.46,5489.41
3,1.9,-1.05,-17.15,5484.13
3,0.69,-2.16,-16.7,5481.61
3,4.13,1.34,-16.61,5476.85
3,3.08,-1.92,-17.26,5473.31
3,-3.87,3.73,-16.98,5471.35
3,1.91,-0.44,-17.29,5469.5
3,2.68,3.28,-17.09,5468.28
3,2.25,-1.52,-18.61,5464.89
3,-0.81,-2.26,-18.52,5462.06
3,-0.95,0.11,-19.18,5460.87
3,2.21,-1.76,-19.8,5456.46
3,-1.38,-0.0,-18.8,5453.67
3,-0.13,-1.29,-19.33,5449.76
3,1.73,-1.5,-20.13,5447.26
3,-3.07,-1.71,-20.98,5443.96
3,-3.14,-1.45,-18.82,5439.73
3,1.41,0.72,-17.27,5437.17
3,-1.27,-0.25,-17.65,5434.17
3,-0.5,3.17,-17.78,5429.7
3,1.14,-2.55,-18.95,5426.3
3,3.49,1.6,-19.1,5424.2
3,-0.67,-0.58,-20.13,5423.77
3,-2.46,0.79,-19.32,5422.24
3,0.2,0.43,-19.09,5417.4
3,-0.13,-1.72,-17.82,5414.36
3,1.62,-2.54,-17.0,5410.01
3,1.44,2.67,-17.17,5406.46
3,-3.5,1.33,-16.36,5403.71
3,-2.09,-0.08,-16.51,5400.82
3,-0.61,-1.03,-15.34,5396.65
3,-1.81,1.32,-15.23,5394.11
3,1.3,2.71,-15.14,5391.64
3,3.1,1.89,-14.96,5388.8
3,-2.84,-4.16,-14.57,5387.26
3,1.29,0.21,-13.93,5384.04
3,-0.17,3.46,-13.3,5379.96
3,-0.52,-2.02,-12.24,5379.16
3,0.43,-1.42,-12.14,5376.2
3,-0.13,0.14,-11.97,5373.37
3,-2.16,0.86,-13.19,5369.37
3,5.09,-1.87,-14.2,5365.12
3,3.46,-0.23,-14.39,5361.55
3,3.82,1.6,-12.17,5357.57
3,0.6,1.51,-11.68,5354.43
3,1.04,1.25,-10.07,5351.81
3,1.24,3.1,-9.15,5348.0
3,-3.6,0.06,-8.87,5345.18
3,0.93,-1.89,-9.02,5343.71
3,-1.63,2.87,-7.95,5339.58
3,1.56,-3.44,-8.23,5336.24
3,-0.72,-0.32,-8.2,5333.42
3,-3.13,1.75,-9.15,5330.07
3,-1.24,0.52,-9.3,5327.84
3,-1.08,2.2,-10.11,5326.42
3,0.69,-2.22,-11.27,5324.57
3,-2.48,0.35,-10.82,5320.95
3,-3.84,-3.97,-12.36,5316.93
3,1.93,-1.93,-14.35,5312.88
3,0.42,-3.21,-14.25,5309.98
3,0.66,0.12,-16.33,5308.33
3,-2.42,-0.29,-18.59,5305.25
3,0.14,-3.74,-18.85,5300.53
3,-0.84,1.29,-19.07,5296.53
3,-0.56,1.01,-18.9,5292.12
3,1.64,-3.0,-20.75,5289.82
3,0.1,2.44,-20.77,5288.14
3,-0.88,1.53,-20.16,5285.31
3,-5.07,1.15,-19.97,5283.11
3,-0.83,2.96,-19.24,5279.97
3,1.33,-0.86,-17.8,5277.96
3,0.12,-2.57,-18.15,5275.58
3,2.06,-0.93,-18.36,5273.45
3,2.26,1.49,-16.97,5271.49
3,-2.01,1.91,-17.3,5268.57
3,-1.16,-1.79,-17.53,5266.37
3,3.64,-1.38,-17.74,5265.05
3,-1.22,2.5,-17.43,5262.81
3,2.12,1.97,-17.75,5261.09
3,-0.84,1.51,-17.3,5259.51
3,-0.19,1.65,-16.29,5255.48
3,0.69,-0.31,-17.21,5252.12
3,0.21,-0.14,-18.1,5248.25
3,1.3,-0.91,-17.38,5244.11
3,2.24,-3.0,-19.44,5240.54
3,-2.85,-2.46,-19.84,5239.03
3,0.68,-2.3,-21.16,5235.49
3,-2.62,-0.43,-20.67,5231.98
3,0.82,0.68,-21.45,5229.2
3,-1.46,-0.4,-22.48,5226.42
3,-0.59,1.1,-21.66,5221.63
3,-0.54,1.85,-21.96,5220.2
3,0.49,-1.17,-22.57,5219.18
3,2.52,-3.45,-19.02,5216.49
3,-0.17,-3.55,-19.67,5214.15
3,0.0,-3.96,-19.85,5213.65
3,1.22,-1.0,-19.32,5208.39
3,0.35,-1.89,-21.01,5205.18
3,-2.66,3.98,-21.1,5201.76
3,-2.28,-3.28,-21.72,5198.51
3,-2.1,-0.6,-19.05,5194.26
3,1.25,-1.96,-18.47,5191.33
3,0.92,1.57,-18.73,5187.22
3,-2.83,1.45,-19.23,5183.69
3,-0.48,1.15,-19.96,5180.86
3,3.13,-0.43,-18.67,5178.87
3,-2.65,3.86,-17.6,5175.59
3,0.2,3.15,-15.46,5171.78
3,2.86,0.73,-16.59,5167.5
3,0.21,3.09,-17.52,5163.36
3,0.39,-3.41,-18.05,5159.57
3,0.1,0.77,-18.61,5157.65
3,-3.03,-2.04,-19.99,5154.25
3,1.16,-0.0,-20.51,5150.81
3,1.06,1.25,-20.31,5147.78
3,0.74,-0.0,-21.14,5144.73
3,-2.73,4.73,-22.34,5141.46
3,1.14,1.23,-20.55,5139.17
3,-1.42,3.4,-20.38,5137.16
3,1.6,0.87,-21.37,5134.9
3,3.96,0.6,-21.09,5132.29
3,-2.32,-3.7,-19.68,5128.71
3,4.96,0.22,-19.9,5125.28
3,2.77,1.21,-17.12,5122.3
3,-0.46,1.02,-18.21,5120.34
3,-1.81,1.52,-17.28,5117.35
3,-0.44,1.34,-16.45,5115.68
3,-0.61,-0.19,-16.27,5113.99
3,-2.81,2.15,-15.55,5111.51
3,2.39,-3.86,-17.3,5108.35
3,0.04,-1.53,-17.25,5102.88
3,-0.07,1.07,-16.26,5100.11
3,-1.08,-4.04,-15.09,5096.18
3,2.1,1.47,-15.21,5093.09
3,-0.1,1.56,-15.56,5089.14
3,-3.3,-0.26,-14.94,5086.26
3,-0.21,-0.32,-12.3,5082.62
3,-2.95,1.81,-12.27,5079.65
3,-1.42,0.98,-13.79,5076.43
3,4.52,-1.4,-15.26,5073.04
3,0.71,1.0,-16.14,5070.49
3,2.01,0.19,-16.1,5068.39
3,-0.08,-2.11,-15.55,5064.67
3,3.62,0.75,-14.96,5060.09
3,2.22,-1.66,-15.39,5058.2
3,2.22,-1.83,-14.04,5054.72
3,0.75,-2.16,-13.46,5049.86
3,1.97,-1.86,-14.68,5047.19
3,-1.49,1.05,-13.98,5044.6
3,2.05,-0.73,-13.63,5042.51
3,-3.97,-0.01,-13.1,5039.38
3,2.74,1.41,-14.08,5035.33
3,1.74,3.32,-14.04,5032.7
3,-0.89,-0.48,-15.71,5030.11
3,-1.64,0.83,-15.62,5026.16
3,-0.08,-3.64,-15.69,5020.34
3,1.16,-0.37,-16.9,5018.14
3,0.9,-2.58,-17.76,5014.96
3,-1.92,1.73,-17.06,5013.66
3,1.02,2.18,-15.89,5008.77
3,-2.68,-0.91,-17.0,5005.21
3,2.07,-0.06,-17.52,5003.52
3,-0.62,0.4,-16.85,5001.33
3,-1.87,-0.47,-17.99,4998.6
3,-0.14,-0.1,-17.85,4993.36
3,3.16,-0.98,-17.56,4991.0
3,0.99,2.04,-18.59,4988.48
3,-0.42,-3.43,-17.35,4986.19
3,1.09,0.5,-17.51,4984.76
3,-2.29,-5.2,-15.85,4982.22
3,-1.89,-1.33,-15.37,4978.02
3,-3.6,-1.77,-14.81,4975.57
3,-0.96,-0.65,-15.66,4972.3
3,1.39,-1.41,-17.01,4970.11
3,2.23,-1.29,-15.56,4967.74
3,-3.93,0.34,-15.87,4964.8
3,2.42,1.67,-14.54,4960.94
3,2.32,0.9,-14.86,4959.66
3,-1.81,0.05,-14.93,4956.09
3,-1.63,-3.54,-14.72,4952.11
3,-1.35,-2.5,-15.77,4949.7
3,0.98,0.16,-14.33,4946.73
3,4.91,-1.44,-15.68,4943.33
3,0.85,-0.07,-16.27,4940.88
3,-2.12,-0.01,-16.67,4939.23
3,-1.21,2.05,-16.43,4936.37
3,-1.23,5.53,-16.61,4932.65
3,0.39,1.52,-15.69,4929.74
3,-5.4,-1.62,-14.85,4927.46
3,-1.54,0.38,-14.85,4926.24
3,-1.48,-2.21,-14.22,4922.84
3,-2.08,0.7,-16.1,4918.86
3,1.54,1.23,-16.19,4914.86
3,0.57,-3.26,-15.21,4912.85
3,-0.45,-1.86,-14.27,4910.25
3,1.04,-1.9,-13.11,4906.25
3,-0.33,0.72,-13.44,4904.35
3,-0.16,-2.62,-11.03,4900.4
3,3.2,-1.35,-11.8,4897.4
3,-1.15,-2.02,-12.52,4893.72
3,1.74,-0.64,-13.72,4890.28
3,1.5,0.91,-15.0,4887.24
3,3.34,-2.61,-15.57,4883.74
3,2.14,-3.16,-16.83,4880.57
3,0.76,-2.09,-18.72,4876.87
3,-3.56,-1.93,-18.02,4872.92
3,-3.87,1.49,-18.09,4868.55
3,0.7,-0.73,-17.65,4865.55
3,-2.52,-0.31,-17.6,4862.61
3,0.1,2.59,-18.07,4859.63
3,2.07,2.13,-18.95,4856.23
3,1.76,2.16,-19.89,4854.27
3,0.28,0.34,-19.7,4850.93
3,1.31,-0.12,-19.74,4847.51
3,-0.18,-1.53,-18.09,4844.41
3,-0.06,-0.65,-17.54,4842.4
3,-0.94,-0.52,-18.04,4839.31
3,1.57,-0.3,-17.72,4835.81
3,0.84,0.35,-17.87,4832.75
3,-2.16,2.71,-18.66,4827.64
3,-2.23,-2.48,-18.54,4826.08
3,-3.11,-2.1,-17.86,4823.2
3,-0.94,-2.88,-18.0,4819.07
3,-1.27,-0.9,-17.23,4816.02
3,0.05,2.21,-16.82,4814.23
3,-1.43,-2.14,-14.9,4811.53
3,1.94,-2.72,-14.9,4805.45
3,-0.8,-0.66,-15.34,4802.33
3,0.54,0.87,-16.92,4799.95
3,1.87,-2.89,-18.55,4795.5
3,0.93,0.13,-16.62,4792.9
3,1.23,0.03,-15.52,4789.03
3,-1.27,2.13,-15.78,4785.31
3,3.66,3.63,-16.77,4783.4
3,0.18,0.24,-16.67,4780.87
3,0.67,2.08,-18.08,4776.66
3,-0.41,1.25,-18.28,4775.54
3,-0.08,2.56,-17.25,4772.62
3,2.07,-1.47,-17.15,4769.49
3,-1.48,-0.74,-18.82,4766.14
3,4.5,-2.05,-20.05,4763.07
3,-1.99,-3.51,-19.77,4761.15
3,0.44,0.55,-18.76,4757.46
3,1.62,-0.35,-19.01,4754.64
3,2.09,-1.6,-19.88,4755.02
3,0.46,0.63,-19.59,4750.38
3,-0.85,-1.92,-20.52,4749.0
3,0.16,-1.04,-19.9,4745.18
3,-2.54,0.48,-18.59,4741.79
3,2.22,-0.92,-17.58,4739.19
3,-2.84,-2.0,-17.68,4735.97
3,4.39,-0.89,-16.6,4733.15
3,-3.01,1.11,-16.5,4729.52
3,0.29,-2.04,-14.72,4725.62
3,4.43,2.66,-12.99,4723.52
3,0.42,0.57,-13.6,4720.41
3,-3.38,-2.35,-13.48,4716.57
3,-1.11,2.51,-12.93,4714.63
3,-0.29,0.22,-12.22,4711.87
3,-1.44,0.15,-12.55,4709.33
3,0.18,0.65,-13.5,4706.79
3,-0.51,-1.48,-15.4,4703.49
3,-2.75,0.56,-15.77,4702.1
3,-2.06,-3.4,-14.38,4699.74
3,-2.16,0.75,-13.17,4697.69
3,-1.42,-3.1,-13.13,4694.53
3,2.88,-1.95,-11.86,4690.17
3,-2.04,-1.47,-12.71,4688.43
3,0.25,-4.96,-13.09,4684.21
3,-1.46,-0.18,-14.51,4683.77
3,0.07,-1.42,-15.69,4681.76
3,-1.81,-0.55,-15.26,4677.99
3,2.15,0.03,-16.17,4674.37
3,1.33,0.57,-15.1,4670.0
3,3.85,3.55,-13.77,4666.47
3,-3.66,-1.5,-13.33,4663.82
3,-1.2,0.43,-13.76,4661.23
3,1.2,-1.24,-14.96,4657.4
3,1.77,0.23,-15.7,4654.88
3,-1.63,0.99,-15.06,4652.78
3,0.53,1.92,-16.65,4648.81
3,-2.22,-0.11,-17.1,4646.6
3,1.05,0.26,-17.77,4643.74
3,-0.64,0.92,-15.19,4640.85
3,-2.87,-2.77,-16.03,4637.8
3,-0.4,-0.4,-14.52,4634.97
3,1.7,-2.41,-14.36,4630.36
3,2.63,-3.24,-15.53,4627.05
3,3.38,0.04,-15.92,4624.01
3,-3.35,0.4,-14.95,4621.1
3,-1.6,1.51,-15.39,4617.97
3,-0.91,0.01,-14.46,4614.93
3,-1.03,1.86,-13.73,4612.32
3,3.74,-0.85,-14.09,4608.4
3,-2.47,2.15,-15.51,4605.23
3,0.99,1.06,-16.87,4600.2
3,0.54,0.29,-15.96,4596.94
3,-0.25,-3.21,-15.68,4593.97
3,-2.41,-0.93,-13.43,4591.27
3,-0.71,0.88,-13.6,4586.56
3,1.68,0.25,-13.55,4585.41
3,-3.03,1.66,-13.64,4582.56
3,0.67,-3.82,-12.85,4580.04
3,0.9,0.77,-13.16,4576.99
3,1.91,2.21,-14.84,4572.01
3,-1.74,1.38,-15.14,4567.06
3,1.81,2.61,-15.82,4564.63
3,-1.97,-2.12,-16.03,4563.4
3,-0.29,1.43,-16.42,4560.08
3,-0.88,-3.64,-18.57,4556.34
3,-3.97,0.48,-18.64,4552.28
3,4.89,3.0,-20.09,4549.25
3,-4.78,-0.66,-20.79,4546.84
3,0.94,-0.81,-22.14,4544.99
3,0.81,-2.63,-22.11,4540.84
3,-2.47,-0.59,-25.24,4538.24
3,-0.72,2.8,-25.16,4536.06
3,0.17,0.4,-24.24,4533.34
3,-2.55,-1.18,-24.41,4531.15
3,1.44,0.63,-24.31,4528.47
3,0.97,-1.37,-23.88,4527.29
3,3.61,1.56,-22.89,4525.26
3,-0.85,2.94,-23.11,4523.38
3,-0.6,1.03,-24.65,4520.06
3,3.22,3.05,-23.83,4518.23
3,-0.02,0.05,-23.9,4515.37
3,1.63,2.52,-22.58,4513.5
3,-2.88,-0.94,-23.6,4509.67
3,-3.97,-0.49,-22.05,4505.99
3,-0.47,1.24,-22.52,4503.16
3,0.42,-0.84,-23.07,4500.48
3,-3.01,-1.19,-23.04,4497.78
3,-0.87,2.74,-23.02,4495.29
3,0.66,3.34,-22.87,4492.98
3,-0.96,-1.29,-22.26,4490.02
3,1.01,0.94,-20.51,4486.91
3,4.6,2.47,-20.83,4485.23
3,-0.52,-2.39,-21.5,4480.74
3,-1.93,-1.0,-23.41,4477.11
3,-1.62,-2.43,-23.12,4475.56
3,0.24,1.7,-22.04,4471.29
3,1.41,1.89,-23.62,4467.12
3,1.35,-4.12,-23.7,4462.98
3,0.37,-0.06,-21.62,4461.11
3,-1.62,1.44,-19.68,4456.99
3,-5.5,-2.18,-19.31,4454.72
3,-0.31,-1.47,-18.86,4452.19
3,-0.61,-1.28,-18.85,4449.78
3,-4.32,-0.48,-18.72,4447.75
3,1.81,-0.71,-20.11,4444.12
3,-0.98,1.44,-21.92,4440.94
3,0.62,-0.82,-21.62,4437.76
3,-2.21,1.71,-21.8,4434.71
3,-2.31,0.88,-22.14,4430.77
3,2.28,0.08,-22.58,4427.83
3,1.45,-1.24,-22.81,4424.48
3,0.12,1.77,-23.7,4423.44
3,2.35,-4.38,-22.7,4421.37
3,-1.65,1.32,-22.07,4419.95
3,-0.96,1.31,-22.31,4416.82
3,-1.7,-2.24,-20.3,4413.09
3,-0.04,0.64,-20.65,4409.44
3,-1.94,1.47,-19.61,4406.66
3,1.98,1.87,-19.67,4403.06
3,-1.11,-2.42,-19.8,4398.72
3,-1.59,2.18,-19.35,4395.6
3,-1.72,-0.43,-20.39,4391.15
3,-0.09,0.8,-19.24,4389.37
3,0.19,-2.19,-21.15,4385.99
3,-1.52,1.58,-21.93,4382.63
3,-0.14,2.29,-20.2,4379.45
3,-1.38,-2.23,-20.28,4376.72
3,-1.97,3.21,-21.16,4371.67
3,2.64,-3.52,-21.58,4369.0
3,-0.45,0.46,-20.5,4365.72
3,0.65,-0.82,-20.95,4362.57
3,0.18,1.97,-21.31,4360.48
3,3.91,-2.6,-22.69,4357.87
3,-1.08,-1.08,-22.87,4354.14
3,1.38,0.09,-23.32,4350.21
3,-0.63,0.01,-23.1,4347.81
3,2.42,-0.9,-22.92,4343.37
3,1.2,-1.03,-23.97,4341.61
3,-1.51,4.15,-21.91,4339.18
3,-2.74,1.77,-22.06,4334.11
3,1.71,-0.56,-22.84,4331.44
3,-2.16,-1.53,-22.46,4328.42
3,-0.51,2.63,-22.95,4326.28
3,-2.63,-2.2,-22.27,4324.57
3,-1.24,-0.02,-21.15,4322.59
3,-0.14,-1.76,-19.54,4320.39
3,-0.18,-0.17,-19.65,4318.29
3,1.53,3.07,-21.0,4315.49
3,-3.12,-0.9,-21.28,4313.64
3,1.55,-1.31,-19.58,4310.38
3,-1.2,1.0,-19.78,4307.94
3,0.43,-0.84,-19.3,4306.1
3,0.1,0.95,-19.79,4303.07
3,1.67,0.38,-20.21,4299.34
3,-0.07,-0.74,-20.01,4296.56
3,-0.85,1.39,-20.4,4293.75
3,1.71,-4.33,-21.33,4291.19
3,1.55,-2.07,-20.98,4288.57
3,1.6,-4.23,-21.14,4286.74
3,0.54,-0.68,-22.08,4284.72
3,4.16,-0.15,-20.44,4281.45
3,-3.43,-0.42,-20.86,4279.1
3,-1.17,-1.14,-19.5,4276.58
3,-4.56,2.4,-19.81,4275.06
3,-1.61,4.09,-17.52,4272.14
3,0.25,-0.27,-17.86,4270.13
3,-5.73,1.12,-18.46,4268.14
3,-0.98,-2.08,-16.9,4264.05
3,-5.42,3.03,-16.98,4262.44
3,1.24,0.43,-15.79,4260.78
3,0.07,-2.25,-16.09,4258.87
3,4.86,4.49,-14.05,4256.02
3,-0.94,-0.65,-14.51,4252.91
3,-2.28,1.75,-15.43,4248.82
3,1.1,1.06,-17.88,4245.53
3,1.7,-0.49,-19.23,4244.19
3,0.94,3.33,-19.24,4241.66
3,0.93,-2.96,-18.34,4238.03
3,-0.14,3.79,-19.23,4233.4
3,0.78,0.38,-19.33,4229.35
3,0.64,0.97,-19.15,4226.64
3,-3.82,-0.61,-18.15,4223.21
3,-2.94,0.04,-18.42,4219.9
3,-0.28,-1.17,-18.95,4216.66
3,3.73,2.09,-20.58,4214.19
3,2.05,1.24,-21.46,4211.36
3,-2.97,2.51,-20.98,4207.69
3,-0.05,-0.9,-20.61,4204.0
3,0.88,-1.97,-20.78,4200.84
3,-2.71,4.44,-20.25,4197.12
3,-5.69,1.31,-19.3,4195.51
3,1.79,-1.83,-20.65,4193.15
3,0.2,3.55,-19.9,4189.37
3,0.07,-1.66,-19.88,4186.24
3,1.72,1.01,-18.8,4183.55
3,0.0,-4.1,-16.62,4179.87
3,-0.51,-0.74,-17.37,4176.43
3,4.54,0.02,-15.95,4174.06
3,-1.94,-2.41,-17.98,4172.08
3,4.18,0.38,-16.3,4168.3
3,0.16,1.64,-14.66,4165.15
3,-0.06,1.21,-15.78,4161.52
3,-0.22,0.71,-15.9,4158.69
3,-1.55,0.21,-16.21,4154.56
3,-1.44,0.84,-16.23,4152.63
3,1.77,1.62,-15.47,4150.83
3,0.21,0.8,-15.01,4149.54
3,1.13,-1.04,-14.16,4146.27
3,0.21,1.39,-14.71,4142.54
3,0.95,0.82,-13.58,4138.97
3,0.27,1.05,-13.79,4137.52
3,-2.31,1.21,-13.33,4134.8
3,0.75,-4.8,-14.84,4132.62
3,0.32,-2.59,-13.94,4131.1
3,-1.63,-1.92,-14.18,4127.35
3,-1.77,3.16,-13.78,4125.03
3,2.54,0.92,-14.34,4122.21
3,2.54,1.77,-14.49,4120.08
3,3.2,-0.09,-14.79,4116.18
3,-2.21,0.39,-14.64,4109.99
3,-1.75,-0.23,-14.58,4105.6
3,1.98,-3.52,-14.11,4102.51
3,3.87,1.18,-14.96,4098.78
3,-2.78,-1.51,-14.58,4096.86
3,-1.36,1.27,-16.99,4093.01
3,1.41,0.56,-15.57,4090.1
3,0.22,-1.86,-15.15,4087.71
3,-1.74,-1.02,-14.82,4087.06
3,0.73,0.96,-14.71,4085.56
3,0.66,2.02,-14.83,4083.54
3,3.65,-0.22,-12.99,4078.94
3,-2.21,-2.04,-14.28,4076.66
3,1.53,-1.14,-13.44,4072.45
3,-2.29,1.6,-15.4,4069.17
3,-3.25,1.02,-14.66,4066.44
3,-2.7,-0.71,-12.93,4063.44
3,2.26,5.15,-12.86,4061.21
3,1.06,-1.87,-12.47,4057.63
3,0.24,-2.08,-11.97,4053.67
3,-0.67,1.01,-11.09,4050.57
3,-4.68,-1.94,-12.22,4048.62
3,1.48,-0.75,-12.37,4045.1
3,-0.7,1.2,-11.74,4042.97
3,0.77,-0.63,-11.75,4039.82
3,-4.88,-3.41,-10.77,4038.17
3,1.6,0.85,-9.93,4034.76
3,-0.53,1.99,-8.3,4031.7
3,1.73,-0.98,-8.73,4029.79
3,-0.52,-0.31,-9.16,4029.13
3,2.73,-1.5,-9.53,4026.96
3,0.42,-2.42,-11.0,4022.4
3,-3.61,3.24,-10.98,4018.63
3,1.18,-4.99,-10.34,4016.84
3,0.76,-0.57,-10.83,4015.49
3,2.55,2.39,-9.95,4012.27
3,-0.5,1.8,-9.78,4008.1
3,2.45,-0.79,-12.44,4006.7
3,2.65,-0.93,-12.15,4002.32
3,1.97,1.65,-11.43,3999.3
3,-0.05,1.75,-12.48,3996.57
3,1.22,-0.35,-12.17,3993.09
3,1.04,2.61,-12.11,3990.06
3,1.85,-0.18,-12.89,3987.53
3,-2.4,-0.47,-12.13,3984.47
3,1.63,0.18,-12.3,3981.12
3,-3.45,-0.92,-11.63,3979.35
3,-1.19,0.61,-11.45,3975.37
3,0.13,0.87,-10.79,3973.46
3,-0.94,0.16,-10.52,3970.76
3,0.53,0.9,-11.06,3967.17
3,1.32,-1.35,-11.78,3964.64
3,-0.79,-1.18,-10.41,3960.6
3,-0.32,0.19,-10.13,3957.53
3,-0.59,0.35,-10.49,3953.66
3,2.57,0.65,-10.73,3949.93
3,1.82,-0.63,-9.89,3946.43
3,-0.01,0.36,-7.82,3944.18
3,0.5,1.57,-8.93,3941.31
3,2.68,0.98,-8.97,3938.89
3,-0.25,0.16,-8.96,3935.65
3,0.14,2.93,-7.09,3931.79
3,-1.25,0.47,-7.28,3929.42
3,-0.12,0.7,-6.44,3928.2
3,0.73,1.25,-6.51,3925.33
3,3.78,1.05,-6.64,3922.11
3,-0.13,3.3,-7.41,3918.93
3,1.62,2.16,-4.43,3916.65
3,3.75,2.1,-5.1,3914.89
3,-4.26,-0.84,-4.89,3911.73
3,-0.57,-0.22,-3.94,3909.64
3,-2.79,2.52,-2.23,3908.22
3,-0.08,0.55,-0.55,3904.36
3,-0.93,1.04,-2.58,3901.37
3,-0.94,1.1,-2.39,3898.63
3,0.77,0.28,-1.83,3896.46
3,1.75,1.12,-1.38,3892.43
3,-1.46,-0.96,0.33,3889.87
3,-0.09,-1.3,1.01,3884.36
3,2.12,0.32,0.2,3879.83
3,0.76,3.06,0.07,3875.56
3,-4.24,0.97,1.53,3872.65
3,-2.5,0.3,3.99,3868.66
3,-0.21,0.39,3.95,3864.74
3,-0.09,0.46,5.07,3861.72
3,0.07,1.0,4.45,3859.33
3,-1.5,1.21,4.56,3855.03
3,-1.32,-0.34,4.02,3851.36
3,-2.34,2.48,4.4,3847.31
3,1.09,1.64,4.57,3844.44
3,-2.63,0.07,5.51,3841.44
3,0.15,1.49,5.78,3838.42
3,2.8,-0.27,5.7,3835.05
3,0.54,0.3,5.14,3831.87
3,-4.47,-1.15,2.76,3829.4
3,0.86,0.8,3.58,3828.04
3,2.17,0.26,5.32,3825.31
3,-1.82,-0.54,3.77,3820.41
3,-2.82,-2.5,3.66,3817.26
3,-0.67,0.4,4.59,3814.31
3,1.01,-1.12,4.28,3810.3
3,-0.64,-0.24,3.74,3808.55
3,-0.07,2.56,3.05,3805.49
3,-2.28,0.86,3.87,3802.9
3,0.9,-1.13,3.95,3800.86
3,1.2,1.13,2.91,3797.11
3,1.89,-0.96,3.34,3794.69
3,2.97,2.1,4.35,3792.99
3,-1.86,0.67,3.0,3788.95
3,-4.41,-0.97,2.76,3787.15
3,-0.8,-2.55,2.81,3783.66
3,0.04,-0.45,-0.28,3780.68
3,4.22,4.22,-0.52,3777.73
3,-1.02,-0.89,-0.18,3772.91
3,0.42,-0.42,-0.04,3769.38
3,-3.86,1.48,-1.05,3767.0
3,0.1,0.31,-1.28,3763.45
3,2.95,0.64,-1.85,3759.24
3,-1.38,-0.99,-1.64,3755.62
3,-2.28,-2.27,-1.45,3751.86
3,2.1,-1.54,-2.04,3747.5
3,-4.65,2.87,-2.91,3743.35
3,1.09,-0.13,-4.2,3739.31
3,-3.9,1.76,-4.73,3736.76
3,1.25,0.64,-3.9,3734.58
3,-1.14,0.09,-3.82,3733.05
3,0.36,2.09,-4.08,3729.85
3,-3.12,-2.29,-3.73,3727.08
3,2.57,-0.98,-3.48,3723.44
3,-3.59,-0.47,-4.49,3719.45
3,-3.55,-1.52,-4.97,3717.23
3,-0.18,1.08,-4.99,3714.63
3,1.52,-1.3,-4.29,3711.09
3,-0.24,0.66,-3.11,3706.93
3,1.02,0.33,-3.05,3704.28
3,-0.35,0.46,-3.5,3702.14
3,0.83,-3.3,-4.06,3697.95
3,-1.07,2.04,-3.97,3692.58
3,-0.98,1.97,-5.04,3688.47
3,0.69,0.42,-3.09,3685.15
3,0.78,-1.85,-2.81,3681.44
3,1.2,-1.09,-0.7,3676.53
3,0.48,3.3,-1.82,3675.18
3,0.43,-3.28,-3.94,3671.5
3,-0.96,1.27,-2.85,3667.61
3,1.74,1.39,-3.62,3663.86
3,2.89,-0.2,-2.05,3660.43
3,1.66,-2.6,-1.62,3657.46
3,-1.14,3.36,0.59,3655.53
3,4.8,0.34,0.44,3653.18
3,1.15,0.69,1.33,3649.69
3,0.04,2.13,-0.03,3646.86
3,0.72,0.8,-0.11,3645.16
3,-1.25,2.5,-0.59,3642.3
3,1.0,-0.12,-0.48,3640.11
3,-0.97,2.23,-1.51,3635.34
3,0.15,2.18,-1.16,3631.94
3,-0.1,-0.36,-1.91,3628.52
3,1.77,-2.35,-1.13,3624.9
3,-0.68,1.24,-2.84,3621.56
3,1.63,-0.82,-2.27,3619.38
3,-1.9,0.21,-1.82,3616.35
3,1.16,3.88,-1.66,3613.81
3,-2.45,-2.33,-1.68,3612.43
3,0.32,1.62,-1.98,3609.17
3,-0.23,0.42,-2.34,3604.62
3,3.64,-0.18,-2.14,3599.2
3,0.88,0.95,-2.42,3593.49
3,-4.13,-0.62,-2.21,3591.31
3,-1.26,0.52,-2.42,3587.32
3,1.67,4.28,-2.99,3584.58
3,2.58,4.2,-2.89,3582.33
3,0.95,3.62,-1.18,3579.27
3,-0.39,0.79,-0.72,3576.06
3,-1.91,-2.58,1.33,3573.01
3,2.19,-0.44,0.59,3568.85
3,2.62,-0.58,0.76,3565.71
3,-0.02,-0.36,0.2,3562.27
3,1.98,-0.76,-0.46,3558.81
3,-3.48,-0.0,-0.63,3554.89
3,-2.09,-0.64,-0.27,3551.63
3,-0.19,-1.31,-0.9,3549.25
3,2.53,3.62,-0.92,3545.58
3,0.6,2.39,-0.59,3541.0
3,1.39,1.7,-1.35,3538.22
3,0.69,2.41,-0.83,3532.94
3,1.15,-2.16,0.52,3530.3
3,-1.33,3.92,1.52,3529.24
3,-2.69,-3.19,2.3,3524.27
3,0.31,0.18,3.31,3522.22
3,0.54,0.9,2.57,3518.15
3,-1.36,0.16,3.21,3515.23
3,-0.02,-2.36,3.36,3511.85
3,0.62,0.0,3.79,3509.15
3,-0.01,0.66,2.07,3505.52
3,-0.67,-2.36,1.06,3500.14
3,0.5,3.4,0.12,3498.15
3,-1.95,-0.95,-0.77,3497.4
3,-0.17,0.11,-0.81,3494.28
3,-1.84,-1.0,-0.49,3490.31
3,5.1,-0.82,-2.97,3487.71
3,-3.97,-0.01,-3.05,3484.93
3,-1.06,1.13,-3.44,3482.29
3,0.02,0.24,-3.12,3479.16
3,1.01,2.11,-4.34,3475.93
3,-1.47,-1.01,-5.87,3471.97
3,0.42,-4.19,-4.54,3470.42
3,-3.79,0.42,-5.15,3467.97
3,-2.41,0.91,-5.56,3465.78
3,4.57,-1.2,-5.1,3461.54
3,2.54,-0.13,-5.04,3458.81
3,2.7,-2.79,-5.54,3453.79
3,-0.88,-1.31,-6.28,3451.51
3,-0.95,-2.66,-6.66,3450.59
3,-0.38,0.14,-6.97,3446.52
3,-1.26,0.04,-7.73,3443.7
3,0.93,-0.21,-9.39,3441.31
3,-2.52,1.59,-7.26,3437.84
3,-1.37,0.54,-6.29,3434.56
3,-1.16,1.23,-4.81,3431.87
3,-5.77,0.22,-3.07,3428.1
3,0.52,-3.25,-3.64,3424.12
3,-0.68,0.07,-3.58,3422.04
3,-0.36,-2.08,-4.27,3418.71
3,-1.25,1.39,-3.67,3414.95
3,0.29,2.12,-2.86,3412.4
3,-2.25,2.77,-2.9,3408.85
3,2.73,0.04,-3.3,3405.4
3,0.0,-1.66,-4.75,3403.18
3,-0.23,-2.72,-3.92,3400.75
3,2.74,0.16,-3.2,3397.42
3,1.53,-1.69,-1.98,3395.33
3,0.73,-2.63,-1.28,3393.26
3,1.7,0.44,-1.17,3389.69
3,4.36,1.88,-1.75,3387.86
3,-3.87,-4.7,-0.72,3383.29
3,0.89,-3.49,-2.29,3379.04
3,4.04,-3.63,-3.11,3375.44
3,-2.74,-0.21,-4.37,3372.7
3,4.44,1.85,-3.85,3370.23
3,-1.25,3.23,-4.17,3366.57
3,1.23,-0.55,-3.87,3365.11
3,0.01,-0.8,-4.04,3361.82
3,0.05,0.73,-2.3,3358.46
3,1.22,-0.75,-1.65,3355.58
3,-2.27,-1.44,-0.72,3351.02
3,-3.77,2.65,0.94,3347.21
3,-0.03,0.87,-0.6,3341.59
3,0.32,-0.14,-0.96,3338.5
3,-0.38,1.25,-0.55,3335.52
3,1.17,0.7,0.46,3333.55
3,0.57,2.48,-0.23,3330.49
3,-0.78,-3.34,0.17,3327.07
3,1.7,2.93,1.09,3323.89
3,-3.47,-4.37,2.97,3320.37
3,0.6,0.29,3.51,3316.14
3,1.47,-0.26,4.37,3313.28
3,-1.0,-1.91,4.05,3309.26
3,-2.2,-0.45,6.19,3307.94
3,-0.68,-0.26,5.53,3306.01
3,0.42,-2.8,5.2,3302.78
3,0.42,3.52,5.34,3299.2
3,-0.47,3.05,4.26,3294.62
3,3.49,2.24,4.33,3291.06
3,0.52,0.59,3.96,3289.09
3,0.18,-5.25,4.31,3285.18
3,-2.9,-0.78,3.91,3282.29
3,-0.74,0.91,2.86,3278.95
3,0.65,2.79,2.78,3276.06
3,0.67,1.87,2.77,3272.19
3,-3.06,-0.55,2.79,3270.44
3,0.74,-2.86,1.7,3267.38
3,-0.42,2.08,2.04,3263.87
3,-2.5,-0.96,3.39,3261.23
3,-0.09,0.74,3.69,3260.06
3,-1.46,1.04,3.28,3256.92
3,0.5,-0.89,5.07,3252.65
3,1.29,-1.25,4.66,3249.44
3,2.51,-3.23,4.12,3245.71
3,-0.09,0.23,4.5,3244.15
3,-1.69,1.62,3.71,3240.75
3,-1.86,-1.42,4.08,3238.77
3,-2.94,0.96,3.3,3235.96
3,1.43,-2.21,3.29,3232.67
3,0.43,-0.93,3.9,3230.23
3,-1.48,-1.39,4.66,3227.67
3,0.52,-0.64,3.09,3225.41
3,-0.28,0.89,4.98,3223.71
3,-0.62,3.11,5.37,3220.06
3,2.1,-0.41,5.64,3218.57
3,-1.87,-0.95,4.2,3215.07
3,-0.59,-1.13,2.77,3212.69
3,0.98,-2.69,2.26,3209.96
3,-0.78,-1.38,1.94,3206.64
3,-0.24,0.79,2.57,3202.82
3,2.42,-0.93,2.11,3198.57
3,-1.55,1.07,1.35,3195.61
3,0.87,-0.07,0.55,3194.66
3,-0.65,-1.0,0.06,3193.54
3,2.82,2.22,-0.69,3190.05
3,-4.84,-3.28,-0.35,3187.19
3,-1.09,2.91,0.51,3184.26
3,-0.15,-1.17,1.13,3181.31
3,-0.19,-0.8,1.92,3177.85
3,-2.88,-0.13,2.1,3174.02
3,-0.35,0.1,1.11,3172.15
3,-0.01,2.35,3.69,3168.33
3,-1.58,3.32,3.02,3166.56
3,-0.91,-3.36,2.43,3163.87
3,0.58,-0.74,1.57,3162.6
3,-3.6,2.6,2.01,3159.58
3,1.13,1.17,2.6,3156.4
3,-1.24,1.4,1.78,3152.32
3,-1.37,3.63,2.8,3146.87
3,5.18,3.37,2.16,3142.67
3,-1.7,0.37,2.48,3140.53
3,2.4,1.26,4.03,3138.47
3,-1.52,1.01,5.25,3135.91
3,2.63,3.05,5.09,3131.4
3,0.57,-1.6,4.21,3130.27
3,1.74,0.31,3.75,3126.85
3,1.65,-2.0,5.11,3124.66
3,-4.61,-3.29,6.56,3120.19
3,-0.37,-1.88,9.02,3117.51
3,0.32,0.67,9.13,3115.55
3,-0.23,1.31,8.57,3112.99
3,1.69,-1.65,9.1,3111.46
3,-2.86,1.5,7.88,3110.42
3,1.59,3.21,9.01,3105.85
3,-2.25,0.74,9.3,3102.93
3,0.89,2.02,10.15,3101.07
3,1.9,0.56,9.97,3100.24
3,2.45,0.33,10.32,3095.05
3,2.97,-2.14,8.0,3093.04
3,3.49,-0.37,8.31,3089.4
3,3.35,1.09,8.96,3087.73
3,1.11,0.86,9.17,3085.21
3,1.58,-1.81,10.47,3082.54
3,-3.71,0.03,10.6,3079.93
3,-0.09,-1.79,10.61,3075.02
3,0.76,-1.07,8.01,3072.07
3,0.31,1.03,7.33,3069.02
3,-1.14,-1.64,6.41,3066.21
3,-1.0,4.0,5.81,3061.5
3,4.61,-0.58,5.08,3059.28
3,-0.46,-2.64,4.11,3057.02
3,1.26,-0.19,2.33,3053.85
3,2.33,1.59,3.6,3050.18
3,-0.88,-1.94,2.05,3047.14
3,-2.23,-3.78,1.89,3043.39
3,-1.75,1.24,1.43,3040.75
3,-0.78,0.29,0.44,3035.17
3,-2.29,-1.26,-0.05,3032.12
3,-1.05,-2.88,0.01,3029.64
3,1.21,3.94,0.28,3026.93
3,-1.7,-1.2,0.14,3022.63
3,0.37,2.12,-0.53,3018.98
3,3.09,2.69,0.55,3018.04
3,1.54,-2.7,1.68,3015.82
3,-1.11,-1.25,2.32,3012.43
3,-0.15,-0.28,3.45,3009.32
3,-0.16,0.3,4.16,3006.58
3,-0.96,-0.78,4.69,3004.59
3,4.23,2.27,5.29,3002.21
3,1.76,-2.82,4.45,2998.61
3,0.78,3.01,4.37,2995.42
3,3.13,0.94,4.67,2994.59
3,0.69,0.88,5.24,2993.02
3,-3.93,-4.0,4.94,2987.7
3,-0.71,-1.0,4.59,2985.79
3,2.01,0.28,2.7,2983.17
3,-1.72,-0.05,2.12,2979.72
3,-0.02,1.81,3.09,2976.64
3,-2.29,-0.85,1.42,2975.04
3,-1.56,-0.51,1.31,2971.27
3,-2.99,-0.49,3.6,2968.88
3,-2.02,-3.33,2.78,2965.24
3,2.97,-1.5,3.62,2962.88
3,-1.23,-0.28,2.73,2959.78
3,1.59,-0.26,3.08,2956.19
3,1.88,-2.32,2.01,2953.06
3,-0.84,0.01,1.71,2947.28
3,1.32,-3.42,2.76,2945.94
3,1.54,-1.3,4.29,2944.66
3,-0.89,-0.92,1.88,2941.17
3,2.55,-3.85,1.63,2938.8
3,2.05,2.83,2.85,2934.88
3,3.29,-1.32,-0.83,2931.38
3,-2.5,2.81,-1.1,2927.8
3,1.27,1.14,0.9,2924.0
3,-2.91,0.63,1.86,2920.13
3,3.04,-3.9,3.28,2918.37
3,-1.24,0.16,4.54,2915.93
3,1.7,-2.47,5.67,2913.95
3,5.0,-1.13,5.21,2909.82
3,0.01,1.76,3.18,2906.93
3,-1.33,0.42,2.76,2903.08
3,-2.52,1.04,2.14,2899.79
3,1.37,2.46,2.02,2897.05
3,2.56,2.43,3.48,2894.0
3,-4.27,1.0,4.07,2889.72
3,-1.39,2.75,3.7,2886.82
3,-2.76,3.37,3.94,2884.76
3,0.37,-0.65,4.41,2882.3
3,1.34,0.56,3.43,2878.52
3,-3.85,0.36,2.49,2876.45
3,2.18,-0.38,2.52,2872.54
3,-0.25,-3.31,4.0,2869.87
3,-1.69,2.57,4.89,2868.4
3,1.84,-2.66,4.77,2864.38
3,1.46,-2.68,4.43,2863.23
3,2.27,0.96,4.37,2859.03
3,-3.5,0.4,3.21,2856.25
3,3.0,1.72,2.38,2854.32
3,3.04,-3.57,2.34,2851.25
3,0.72,-0.47,2.37,2847.21
3,-3.09,0.28,3.12,2845.34
3,-0.94,-0.44,2.73,2842.81
3,1.36,-1.44,1.08,2840.61
3,4.12,-3.33,1.09,2837.87
3,-0.2,3.95,-0.12,2835.77
3,3.34,-1.06,0.98,2834.2
3,2.2,-1.67,0.79,2831.54
3,-0.93,0.84,0.76,2827.8
3,-0.36,-1.94,-0.3,2825.53
3,0.29,-0.94,-0.72,2823.56
3,-1.59,-1.06,-1.5,2821.78
3,-1.95,-0.75,-2.81,2818.4
3,1.56,-0.91,-3.93,2814.42
3,2.05,-1.6,-3.45,2811.57
3,0.45,-1.33,-1.12,2809.2
3,-0.63,4.59,-0.95,2806.31
3,-1.75,2.07,-0.55,2804.62
3,-0.03,-3.15,-1.66,2802.49
3,1.46,1.12,-3.45,2800.91
3,2.13,-0.28,-4.06,2798.7
3,-0.54,-2.44,-3.32,2794.45
3,-4.24,-2.54,-3.79,2791.6
3,1.72,-0.1,-3.51,2788.49
3,1.59,-3.14,-4.73,2786.35
3,1.96,-1.77,-3.1,2780.98
3,0.4,-0.51,-3.9,2778.33
3,1.16,-0.79,-4.19,2775.94
3,-3.55,0.28,-4.69,2773.78
3,0.86,-0.17,-6.24,2770.01
3,2.46,-0.47,-5.98,2766.07
3,0.22,-0.47,-8.2,2763.66
3,1.15,2.41,-8.35,2759.65
3,-0.18,2.09,-7.68,2755.79
3,-0.07,-1.81,-7.16,2753.17
3,-0.31,0.55,-8.0,2750.42
3,-0.69,-1.23,-7.77,2748.41
3,4.75,5.36,-7.82,2745.83
3,3.26,-2.36,-8.93,2743.02
3,-2.76,-0.23,-9.08,2741.41
3,-3.11,-2.01,-8.21,2738.33
3,-1.89,-0.56,-8.65,2735.31
3,1.3,0.42,-9.19,2732.46
3,1.74,-1.1,-8.89,2729.51
3,-2.72,0.46,-8.65,2726.73
3,-2.1,-0.1,-8.49,2722.94
3,-1.39,-0.91,-6.82,2719.82
3,-2.0,-0.44,-6.07,2715.68
3,0.2,0.1,-5.57,2712.5
3,-2.07,0.02,-4.38,2708.8
3,4.01,1.77,-4.33,2705.61
3,2.35,-1.5,-4.1,2702.77
3,-1.19,-0.56,-3.65,2698.33
3,1.1,-2.04,-3.58,2696.32
3,1.5,1.77,-2.86,2693.99
3,-0.9,-1.25,-2.64,2690.03
3,0.07,-3.02,-1.89,2687.02
3,3.66,-0.16,-0.44,2683.88
3,0.85,-0.36,-1.55,2680.74
3,-0.64,0.87,-1.61,2677.45
3,3.31,0.61,-2.58,2672.86
3,0.1,-3.5,-1.71,2670.17
3,3.31,0.16,-3.74,2667.19
3,-0.32,-1.93,-5.73,2663.96
3,0.25,-2.55,-6.05,2659.35
3,-4.37,0.51,-4.04,2654.05
3,-2.45,1.39,-5.76,2653.6
3,-1.97,0.84,-5.24,2652.05
3,-0.04,-0.93,-5.15,2647.91
3,2.21,0.0,-6.61,2643.58
3,-3.8,0.34,-7.98,2640.61
3,-1.52,0.05,-5.66,2638.46
3,0.89,-1.35,-5.63,2635.97
3,0.15,1.67,-5.95,2633.89
3,2.46,1.43,-5.24,2631.43
3,-1.15,-0.98,-3.12,2628.67
3,-3.84,-0.03,-3.14,2625.32
3,-1.29,2.39,-2.87,2622.38
3,-1.03,-0.07,-3.11,2619.86
3,-0.97,1.75,-3.77,2616.77
3,0.2,0.14,-3.4,2614.38
3,-3.5,1.78,-3.18,2612.23
3,2.14,0.93,-4.11,2608.36
3,1.74,-0.37,-2.97,2606.44
3,-0.85,0.91,-1.81,2602.5
3,-0.47,0.8,-0.55,2600.07
3,-0.75,0.61,-2.06,2597.17
3,-1.47,-3.8,-1.04,2594.57
3,0.04,3.66,-2.06,2591.39
3,3.61,-2.48,-2.31,2588.09
3,-2.03,-0.34,-0.17,2583.68
3,0.69,-2.27,0.3,2579.91
3,-1.49,0.07,-0.77,2575.58
3,0.07,1.9,-0.4,2572.49
3,-1.42,-3.81,-0.0,2568.91
3,0.57,1.2,-1.06,2566.58
3,0.95,-0.04,-2.21,2564.22
3,-0.07,-0.84,-3.19,2562.1
3,0.16,2.02,-0.65,2557.5
3,1.14,-2.86,-0.83,2554.86
3,-2.34,-3.71,-0.68,2552.73
3,1.09,4.12,-0.64,2550.5
3,-1.02,-4.93,0.4,2545.06
3,-3.32,-1.62,1.06,2542.68
3,-3.26,2.53,1.45,2538.04
3,2.81,-2.56,0.99,2534.46
3,1.66,0.34,0.83,2530.39
3,1.22,-0.01,1.58,2526.9
3,0.37,1.42,1.95,2522.57
3,3.08,3.35,1.77,2519.34
3,2.77,-3.43,2.42,2517.09
3,0.48,1.89,2.29,2513.46
3,-0.3,1.54,1.52,2510.86
3,1.9,-1.87,2.45,2506.36
3,0.93,1.97,2.62,2504.26
3,0.29,1.45,2.17,2500.91
3,0.55,0.28,2.07,2497.33
3,-1.32,-2.99,1.93,2494.57
3,3.31,0.58,1.19,2492.59
3,-2.23,-3.13,0.85,2490.12
3,-1.06,-1.19,0.71,2486.75
3,2.04,-0.14,0.22,2482.96
3,-1.0,5.48,1.35,2479.66
3,1.77,-1.05,1.75,2477.37
3,-0.08,-0.79,2.79,2473.58
3,0.82,1.92,4.74,2471.05
3,1.11,1.84,5.11,2468.52
3,-1.68,-0.35,4.82,2466.55
3,1.07,1.02,3.68,2463.2
3,-2.61,0.19,3.57,2460.79
3,0.21,-0.22,4.44,2456.57
3,-1.05,-2.36,2.63,2453.23
3,4.14,1.12,2.65,2449.76
3,0.66,-0.99,3.48,2446.39
3,-1.59,1.3,1.63,2443.86
3,0.64,1.58,4.36,2442.0
3,0.13,-1.28,5.63,2440.16
3,0.4,2.82,6.95,2436.39
3,2.91,-1.28,7.18,2434.97
3,0.24,0.39,6.53,2431.8
3,0.61,-0.7,3.94,2429.65
3,1.52,0.38,2.55,2426.66
3,-2.45,3.99,2.46,2424.15
3,1.24,-0.74,1.59,2421.42
3,2.4,2.38,1.26,2421.43
3,3.31,2.41,0.22,2416.14
3,0.13,1.93,-0.25,2413.25
3,-2.14,0.55,1.05,2410.69
3,-2.15,-2.2,2.54,2408.12
3,-0.8,2.96,1.72,2405.41
3,-0.32,1.84,2.04,2401.86
3,1.53,3.69,1.54,2398.06
3,3.72,1.4,0.52,2396.29
3,0.9,-3.44,0.55,2394.2
3,-3.63,1.68,0.55,2392.05
3,2.62,-1.81,-0.03,2388.24
3,-1.45,0.83,0.98,2387.26
3,-1.41,-0.72,1.96,2385.38
3,3.55,-1.51,1.06,2382.92
3,-0.12,1.77,1.7,2379.9
3,-2.01,0.71,0.15,2375.62
3,-0.31,0.14,-0.31,2371.84
3,1.96,1.03,-0.71,2368.46
3,1.25,1.79,-2.29,2366.43
3,-0.28,-0.79,-1.24,2363.55
3,-0.23,3.39,-2.13,2360.82
3,-0.49,1.27,-1.08,2358.29
3,5.2,4.02,-0.25,2356.41
3,2.8,-3.15,1.14,2352.21
3,3.38,1.16,1.52,2347.84
3,2.02,0.53,2.33,2345.09
3,-0.35,0.62,3.41,2344.08
3,5.35,-0.49,5.78,2340.57
3,1.54,0.33,6.67,2336.89
3,-4.04,-2.58,5.34,2333.84
3,2.17,0.54,3.77,2328.92
3,-1.2,-1.57,4.24,2326.28
3,3.55,0.49,4.29,2322.56
3,-1.51,-0.08,4.07,2318.14
3,1.35,-0.57,3.57,2314.24
3,-2.7,0.17,3.53,2310.71
3,-0.21,-1.51,3.36,2306.76
3,-0.39,-1.25,4.48,2303.36
3,2.85,1.63,4.99,2301.29
3,-3.37,0.49,4.44,2298.08
3,-0.22,-1.97,4.44,2293.1
3,0.5,-0.39,4.34,2290.46
3,-0.77,2.38,4.2,2290.08
3,-2.1,-2.6,3.13,2286.07
3,-0.97,0.48,2.55,2286.17
3,0.77,0.88,1.36,2283.96
3,-3.24,-2.08,0.16,2281.53
3,-0.19,0.56,0.2,2277.7
3,2.88,0.63,-0.26,2275.8
3,0.46,-0.83,-0.24,2273.85
3,0.02,1.75,0.4,2271.24
3,-0.25,-0.91,1.51,2267.84
3,0.45,0.3,2.44,2266.03
3,0.63,-0.16,1.31,2262.62
3,1.82,-1.64,0.81,2259.03
3,2.09,-0.18,0.53,2255.71
3,1.19,0.69,1.43,2252.05
3,1.79,-3.38,0.4,2250.83
3,-0.77,-0.72,0.77,2248.24
3,1.44,-2.94,0.69,2246.37
3,-0.47,2.68,0.99,2242.63
3,0.69,-0.05,2.88,2241.28
3,3.3,-2.9,4.29,2238.65
3,-0.73,1.99,3.59,2236.68
3,-0.59,3.93,2.29,2233.3
3,-0.18,1.87,2.45,2230.84
3,1.47,0.67,2.32,2226.97
3,2.2,0.79,2.86,2224.93
3,-1.54,-0.37,2.55,2222.41
3,-0.05,0.35,3.74,2219.11
3,-2.82,-0.37,3.74,2216.49
3,0.87,-1.66,2.41,2213.91
3,-1.67,-2.26,2.81,2211.19
3,0.4,-2.45,3.03,2209.23
3,-1.14,-3.08,2.97,2207.49
3,-0.85,1.1,3.2,2204.14
3,1.13,-1.16,3.03,2200.72
3,4.0,3.14,2.73,2198.04
3,2.8,1.21,2.83,2193.19
3,-3.25,1.1,2.02,2188.81
3,1.33,-1.84,3.57,2185.12
3,0.48,-1.2,3.35,2183.58
3,-0.33,1.65,2.75,2180.78
3,0.68,1.27,3.09,2175.91
3,0.58,-2.22,1.07,2174.75
3,-2.2,0.88,0.37,2172.01
3,-1.63,-0.25,-0.51,2168.96
3,-0.81,-2.16,-0.35,2166.18
3,-1.34,1.87,-0.96,2162.0
3,-0.27,0.67,-0.72,2159.3
3,1.33,0.95,0.18,2156.29
3,1.74,-1.69,1.85,2152.79
3,-1.4,-0.32,1.84,2150.89
3,-1.19,-0.13,0.73,2148.57
3,1.85,0.34,0.31,2147.64
3,4.62,-0.13,-0.62,2145.36
3,0.82,3.09,-0.87,2143.52
3,-3.0,3.31,-0.91,2140.16
3,2.16,3.16,-1.39,2136.23
3,0.56,-0.01,-1.6,2133.43
3,3.11,1.81,-1.78,2130.41
3,-4.66,-0.43,-3.72,2127.69
3,-0.97,-3.18,-3.4,2122.92
3,0.16,-0.92,-5.15,2118.14
3,-0.68,1.17,-3.34,2115.06
3,-4.75,-2.33,-4.78,2110.01
3,-2.02,0.42,-4.74,2106.01
3,-1.37,0.2,-6.43,2103.73
3,0.41,3.37,-4.53,2101.13
3,0.21,-0.44,-5.93,2098.47
3,1.18,-0.31,-6.56,2095.44
3,0.86,1.02,-6.61,2092.98
3,-1.06,0.36,-6.47,2088.9
3,-0.26,4.08,-6.08,2087.19
3,-0.95,-1.65,-4.33,2083.93
3,2.77,2.05,-4.32,2080.64
3,-1.18,-3.21,-4.23,2076.77
3,-0.03,0.58,-3.03,2072.84
3,-1.32,-1.59,-2.73,2068.93
3,-0.09,-2.87,-3.17,2064.94
3,0.61,1.01,-1.59,2060.55
3,-0.35,-0.01,-2.73,2056.63
3,1.91,-0.3,-0.57,2054.86
3,-2.53,1.28,-1.21,2052.29
3,0.66,1.55,1.28,2049.25
3,-5.08,-2.31,3.26,2045.9
3,-1.46,1.72,3.09,2043.63
3,-0.32,2.04,4.04,2040.71
3,-0.85,-1.74,4.7,2036.56
3,3.38,0.85,3.83,2033.93
3,-2.67,-0.15,3.63,2029.76
3,-2.51,1.23,3.31,2025.49
3,0.51,1.15,1.02,2021.46
3,0.41,-3.15,2.18,2016.86
3,-4.71,-0.96,1.83,2013.4
3,-0.21,-0.72,1.86,2010.3
3,0.27,-0.09,2.61,2007.98
3,2.31,0.06,3.16,2004.67
3,2.42,-1.76,3.55,2001.2
3,-0.26,-0.29,3.81,1998.21
3,-3.36,-1.11,3.73,1994.61
3,0.29,2.98,5.05,1991.04
3,3.73,-0.5,2.48,1987.75
3,-0.87,3.12,2.7,1985.57
3,-1.01,0.26,2.52,1982.19
3,2.37,2.86,3.47,1980.58
3,-1.08,1.11,4.86,1978.11
3,-1.05,-1.54,6.58,1974.61
3,-1.77,-0.02,4.89,1972.99
3,-1.27,-3.57,5.26,1968.72
3,0.75,-1.2,6.01,1965.83
3,0.4,-1.62,6.13,1962.63
3,-3.91,0.84,5.43,1960.55
3,2.61,2.01,4.26,1955.32
3,0.92,-2.0,5.68,1949.54
3,-2.46,-0.7,5.27,1946.74
3,-1.59,-0.56,4.47,1943.51
3,0.81,-0.17,4.55,1941.13
3,-0.81,2.58,3.9,1938.58
3,0.71,0.59,3.95,1935.07
3,-1.38,-3.9,4.33,1933.52
3,-0.47,0.13,3.91,1928.42
3,2.99,0.31,4.77,1927.24
3,-0.39,-0.13,4.79,1924.74
3,-1.16,-0.03,3.96,1921.59
3,0.5,-1.62,6.34,1917.31
3,-1.6,-0.35,5.22,1914.92
3,3.52,0.44,5.28,1911.52
3,1.37,-0.43,5.95,1907.42
3,0.38,-0.5,6.55,1905.98
3,0.37,0.64,6.53,1902.35
3,-1.77,-1.11,6.63,1900.2
3,2.26,-0.3,6.2,1896.99
3,3.28,1.94,5.06,1895.16
3,0.93,0.96,4.9,1892.41
3,1.42,-3.24,4.97,1890.15
3,-0.33,3.73,5.19,1886.15
3,-2.5,0.95,5.64,1882.74
3,-0.44,0.71,6.06,1879.81
3,-1.17,0.77,5.37,1876.8
3,-0.11,2.43,7.01,1873.31
3,-2.66,0.46,8.01,1868.7
3,1.58,-2.55,9.22,1865.25
3,-3.32,-0.2,9.39,1861.43
3,3.1,-0.96,8.12,1859.24
3,-0.06,1.93,8.41,1858.11
3,-1.87,2.29,8.97,1855.43
3,-4.27,0.34,9.84,1853.16
3,-0.62,1.21,8.81,1851.05
3,-1.53,-1.61,9.61,1846.16
3,0.81,-1.11,8.63,1843.63
3,1.99,-0.04,9.62,1838.66
3,-2.18,0.48,10.44,1835.64
3,-3.18,1.15,12.08,1834.53
3,0.73,-2.1,10.26,1831.19
3,-0.23,-2.57,9.12,1826.75
3,0.77,-3.64,8.54,1822.94
3,0.3,-0.84,8.21,1820.76
3,1.22,1.27,8.86,1818.32
3,3.7,-2.35,8.01,1815.03
3,1.05,-1.69,6.4,1809.82
3,-0.55,1.85,7.14,1805.97
3,0.6,1.63,7.38,1802.76
3,-3.53,-0.26,7.34,1799.73
3,5.03,-1.3,7.32,1796.79
3,-1.18,-1.28,7.01,1793.08
3,0.58,2.85,8.32,1790.04
3,-0.42,-0.78,7.68,1785.8
3,0.98,0.68,7.91,1782.05
3,-0.97,0.47,7.1,1780.02
3,1.07,0.69,5.61,1777.32
3,-0.7,-0.1,3.9,1775.56
3,2.99,-1.13,2.28,1771.42
3,0.84,3.7,0.52,1769.46
3,-1.05,-3.32,0.26,1765.21
3,-2.16,2.38,1.15,1762.24
3,-1.88,3.67,1.0,1758.97
3,-0.97,-0.64,0.03,1755.25
3,1.05,-3.1,-1.68,1752.13
3,-3.52,3.33,-0.52,1748.21
3,-1.04,1.38,-0.25,1743.26
3,-0.11,3.62,0.58,1741.21
3,-0.35,-4.39,-0.84,1738.23
3,-6.22,0.45,-0.64,1733.22
3,-1.52,1.97,0.11,1729.6
3,-0.15,-1.57,-0.08,1726.3
3,-1.29,0.83,-0.06,1722.17
3,-3.91,1.06,1.11,1720.75
3,-2.58,-2.04,2.78,1716.92
3,1.33,0.03,4.16,1714.04
3,4.11,1.33,3.91,1711.96
3,-2.17,0.2,2.05,1709.45
3,2.53,-1.53,0.89,1707.84
3,-0.06,-0.83,0.54,1706.56
3,-0.36,-1.55,0.74,1703.56
3,-3.28,-0.51,0.79,1698.88
3,1.14,-0.22,1.95,1694.82
3,-1.03,3.98,0.84,1691.61
3,0.53,0.56,1.25,1688.39
3,0.28,0.35,3.06,1683.74
3,1.26,-0.82,3.04,1681.43
3,0.22,2.91,1.35,1679.3
3,1.06,1.71,2.24,1675.02
3,0.37,-3.18,0.4,1671.21
3,2.95,-0.44,-0.72,1667.83
3,3.59,-2.22,-3.19,1664.81
3,0.56,2.72,-2.44,1659.84
3,-0.28,2.14,-3.6,1656.7
3,0.62,-0.11,-1.95,1654.48
3,-0.58,-3.49,-2.45,1649.64
3,2.62,2.23,-1.62,1646.23
3,3.31,-1.54,-3.12,1643.54
3,-1.78,1.91,-4.17,1641.27
3,3.26,0.28,-3.09,1639.08
3,4.25,0.79,-3.06,1637.13
3,-1.29,2.84,-2.03,1633.44
3,-0.14,0.08,-2.54,1631.49
3,-1.31,0.22,-2.61,1627.64
3,-5.02,-3.83,-4.53,1626.29
3,0.05,3.59,-4.51,1624.77
3,-1.08,-0.38,-3.57,1623.23
3,0.77,-0.39,-2.45,1620.29
3,1.12,-0.87,-3.6,1617.84
3,0.26,1.45,-3.5,1614.78
3,-1.46,0.82,-4.32,1612.25
3,-0.35,2.39,-1.5,1609.19
3,1.12,0.69,0.06,1606.0
3,0.15,-2.66,0.51,1602.7
3,-3.18,2.44,-0.44,1598.98
3,-2.72,1.72,-0.51,1595.57
3,0.4,1.09,0.83,1591.88
3,-2.48,-3.55,0.31,1590.59
3,-2.18,1.43,2.36,1587.36
3,-1.6,-1.94,2.24,1585.47
3,1.67,-1.16,2.34,1582.32
3,2.79,1.01,2.32,1580.4
3,-2.15,0.88,3.29,1576.47
3,1.09,-1.38,1.89,1574.71
3,1.78,0.96,1.96,1571.67
3,0.69,-3.07,2.14,1569.9
3,-0.73,-4.87,3.78,1566.09
3,-1.44,-0.98,2.99,1564.39
3,-1.23,-1.52,1.59,1561.4
3,1.41,-0.34,3.27,1559.63
3,2.56,-0.56,3.68,1554.84
3,0.52,0.83,4.77,1552.4
3,2.83,-2.64,5.36,1548.03
3,0.2,1.77,5.99,1544.48
3,3.79,-0.36,6.05,1542.23
3,1.02,0.61,5.64,1539.82
3,-1.7,0.32,6.91,1536.66
3,-2.95,-3.96,7.87,1533.33
3,-0.09,0.36,7.83,1530.01
3,0.62,0.77,6.53,1527.04
3,-0.18,-1.09,4.8,1525.84
3,3.36,2.24,4.96,1521.61
3,-1.13,-0.55,3.83,1519.58
3,2.02,2.91,3.83,1514.94
3,-2.46,1.51,4.68,1512.84
3,-0.82,-1.02,5.76,1509.8
3,0.14,1.38,5.21,1505.03
3,1.46,0.31,3.84,1503.91
3,2.56,-0.55,4.66,1501.08
3,4.33,-0.78,4.62,1497.84
3,0.27,1.14,4.06,1494.67
3,1.02,-1.95,4.68,1491.17
3,-1.28,0.41,3.06,1488.94
3,1.54,0.7,3.47,1484.14
3,-1.44,-1.06,2.1,1482.31
3,0.23,-0.67,1.18,1479.72
3,-1.22,-2.81,0.63,1477.53
3,0.47,-1.51,0.51,1474.65
3,0.52,-1.13,0.62,1471.87
3,-3.97,0.1,0.38,1469.39
3,1.77,2.66,0.06,1465.36
3,-3.61,-3.89,0.87,1462.96
3,-3.98,2.68,1.46,1460.35
3,-0.03,1.0,1.35,1456.49
3,2.74,2.3,1.8,1454.78
3,2.62,1.19,-0.24,1452.64
3,2.29,3.31,0.25,1448.29
3,-1.76,-0.92,0.6,1445.29
3,0.88,-1.18,1.08,1441.69
3,2.92,0.97,-0.94,1438.42
3,-5.2,-2.56,-2.69,1435.09
3,2.12,0.23,-1.96,1432.51
3,-2.03,-1.4,-2.33,1430.43
3,2.04,-3.87,-2.12,1430.66
3,2.15,-0.85,-3.41,1427.63
3,1.93,-0.33,-2.78,1425.87
3,-2.21,2.56,-3.95,1423.02
3,0.1,0.34,-3.78,1419.49
3,2.31,0.44,-1.61,1418.02
3,2.92,3.01,-3.84,1415.06
3,2.96,-1.65,-3.04,1413.21
3,-0.49,-2.45,-1.34,1408.9
3,-3.27,0.75,-1.18,1406.93
3,-1.2,-1.37,-1.31,1403.05
3,0.52,-0.72,-1.78,1398.9
3,-2.61,2.84,-2.66,1395.99
3,-2.24,3.56,-1.58,1391.3
3,-3.69,0.36,0.46,1386.72
3,3.85,1.98,-0.58,1384.32
3,-2.93,-1.26,-2.14,1381.46
3,-1.74,-3.13,-1.74,1379.25
3,1.77,2.83,-1.02,1377.03
3,-1.51,0.76,-1.99,1373.12
3,-0.03,-0.29,-2.73,1371.16
3,-1.08,-4.51,-1.56,1368.2
3,0.01,0.19,-2.42,1365.34
3,1.04,1.66,-2.55,1361.99
3,-0.33,-4.16,-1.49,1358.39
3,-1.74,-2.0,-2.6,1356.17
3,2.85,1.74,-3.16,1352.44
3,1.0,2.94,-3.56,1348.35
3,-2.02,-2.42,-3.6,1345.78
3,-2.5,1.01,-3.59,1342.42
3,1.96,-0.52,-3.23,1339.04
3,1.02,2.58,-3.03,1335.42
3,2.0,-0.6,-2.47,1334.33
3,-0.56,-0.48,-2.61,1330.2
3,-0.94,0.97,-3.47,1327.08
3,0.93,-1.16,-3.16,1324.2
3,-1.45,-2.18,-4.09,1321.23
3,2.07,-0.25,-5.09,1318.64
3,1.13,-1.31,-5.5,1315.2
3,-1.84,-1.2,-3.99,1313.46
3,-2.63,1.96,-1.54,1309.76
3,1.07,2.53,-0.92,1305.42
3,-1.07,-0.41,0.05,1302.69
3,0.96,0.82,0.36,1298.96
3,-0.53,0.14,0.11,1294.47
3,-3.35,-0.57,-0.44,1290.97
3,0.34,-2.44,-0.53,1288.78
3,1.36,2.18,-0.52,1283.11
3,2.92,-0.36,-1.22,1279.14
3,-2.08,-0.04,-1.0,1276.32
3,-1.38,-0.16,-2.45,1273.09
3,-1.44,2.18,-3.02,1269.52
3,3.04,1.41,-2.73,1265.53
3,0.83,-2.66,-0.57,1260.4
3,-4.27,-3.97,0.63,1256.14
3,-0.13,-0.11,0.79,1252.85
3,0.95,0.36,1.09,1251.35
3,1.04,-2.44,2.15,1247.54
3,0.93,1.72,2.02,1246.76
3,1.66,-5.63,3.04,1243.57
3,0.55,1.08,1.9,1240.58
3,-1.42,2.36,0.63,1237.64
3,0.15,2.43,0.22,1234.06
3,-1.54,0.47,1.05,1230.27
3,0.57,-5.45,2.32,1226.04
3,3.46,-0.44,3.5,1224.65
3,1.11,-4.19,3.1,1223.85
3,1.46,0.7,2.47,1220.71
3,-2.28,0.9,4.62,1217.02
3,-2.42,-2.15,4.52,1213.82
3,1.93,-0.42,3.98,1210.92
3,-1.28,-2.34,4.98,1206.69
3,1.51,-1.5,5.12,1203.72
3,-1.48,4.32,4.69,1202.33
3,4.09,0.81,2.37,1199.11
3,0.29,0.01,2.33,1195.04
3,3.6,0.29,1.43,1190.4
3,-1.75,0.23,-0.3,1187.43
3,2.01,0.42,-1.71,1184.01
3,-2.1,-0.39,-4.18,1183.21
3,2.91,0.92,-2.95,1179.78
3,1.36,-0.13,-3.49,1176.24
3,0.64,1.48,-4.21,1175.22
3,-0.05,-0.03,-4.9,1173.48
3,-2.16,0.38,-5.81,1171.29
3,-0.74,-0.11,-6.53,1166.92
3,-0.11,1.61,-6.93,1164.64
3,0.33,-2.66,-8.85,1161.24
3,0.78,0.6,-8.49,1158.57
3,-0.28,2.96,-6.86,1155.87
3,-1.4,2.85,-6.13,1152.45
3,-2.85,0.66,-6.56,1150.26
3,0.12,-2.4,-6.75,1146.29
3,0.01,-0.01,-7.06,1142.71
3,1.58,1.65,-8.13,1140.14
3,1.0,0.53,-9.54,1136.51
3,-0.37,1.32,-9.02,1132.38
3,-0.13,-0.85,-7.63,1130.52
3,-1.54,0.51,-7.94,1127.56
3,3.44,1.25,-7.07,1122.44
3,-1.98,-0.9,-5.65,1117.06
3,-1.0,-0.57,-5.94,1113.09
3,-1.88,2.39,-6.05,1109.8
3,3.14,2.51,-5.3,1107.3
3,1.35,0.05,-5.31,1104.09
3,-2.02,2.42,-6.47,1098.75
3,2.56,-0.85,-6.13,1095.29
3,-4.65,-1.28,-7.51,1093.22
3,5.03,-0.35,-7.11,1091.74
3,-0.12,-0.61,-5.83,1088.55
3,1.23,-0.05,-6.14,1084.91
3,-5.08,1.98,-5.1,1085.09
3,0.3,-4.71,-6.36,1082.72
3,3.76,0.78,-6.02,1080.79
3,2.14,-0.14,-5.56,1077.37
3,-1.63,3.52,-4.97,1074.09
3,3.34,1.35,-6.0,1073.84
3,-2.82,-3.76,-7.77,1068.37
3,-3.26,-1.74,-7.78,1065.23
3,-2.41,0.41,-8.16,1061.64
3,1.73,-1.47,-8.9,1058.24
3,-1.3,1.61,-7.01,1054.55
3,0.85,-1.71,-7.23,1050.56
3,-1.22,0.47,-6.51,1048.48
3,-1.92,-1.17,-7.52,1047.09
3,-2.54,1.68,-7.6,1043.41
3,-2.34,-2.69,-6.62,1041.31
3,0.04,-0.04,-5.45,1037.22
3,0.79,-3.39,-5.09,1034.63
3,1.33,-2.35,-6.12,1031.78
3,-2.99,0.25,-5.51,1026.56
3,2.6,-0.05,-5.74,1024.25
3,1.22,2.12,-6.45,1020.76
3,-0.28,-1.74,-7.34,1018.21
3,0.2,-2.03,-7.53,1014.9
3,-1.07,1.22,-7.37,1011.36
3,2.47,-1.8,-6.29,1009.86
3,-1.02,-0.12,-7.46,1006.78
3,0.19,-2.07,-8.92,1002.59
3,-3.52,-2.9,-8.7,999.95
3,-0.61,-0.87,-8.66,995.53
3,-0.73,0.0,-10.6,993.39
3,-2.98,3.71,-10.86,990.13
3,-0.47,0.89,-8.97,987.06
3,1.28,2.44,-8.86,984.11
3,-3.19,-1.05,-8.04,979.65
3,2.8,-0.27,-6.91,975.17
3,0.26,2.24,-6.79,972.34
3,0.59,0.73,-5.66,967.6
3,-1.49,0.19,-6.56,964.4
3,-2.31,1.01,-4.9,960.46
3,-1.34,-2.26,-5.63,957.96
3,-2.05,-1.05,-6.11,954.24
3,1.18,-0.81,-6.5,951.91
3,1.93,1.53,-6.97,948.76
3,0.95,1.85,-7.67,945.5
3,0.3,-3.61,-5.48,942.39
3,0.25,-3.48,-4.16,939.47
3,-1.55,1.44,-5.86,936.99
3,-1.39,1.65,-5.75,934.31
3,-0.09,2.07,-5.2,930.17
3,2.44,-3.89,-5.82,927.48
3,-0.21,1.58,-5.83,923.94
3,-0.32,1.09,-6.3,921.86
3,2.91,-3.56,-5.91,917.93
3,1.06,2.19,-5.69,914.11
3,-0.87,2.19,-6.11,911.86
3,-2.6,-0.07,-6.6,910.04
3,0.34,1.01,-5.44,906.12
3,-1.68,-1.75,-5.63,903.53
3,0.77,-0.1,-3.84,902.21
3,-3.36,1.45,-2.6,899.86
3,1.59,-1.65,-1.25,896.3
3,-2.16,-0.29,-0.54,895.43
3,0.85,0.42,-0.65,891.89
3,1.54,1.96,-0.98,889.31
3,-2.09,-0.11,-2.01,887.76
3,-1.45,0.52,-1.05,885.15
3,-1.61,3.63,-1.19,882.66
3,-0.35,0.29,-0.76,879.07
3,-0.39,-2.11,-0.79,876.9
3,0.12,-0.46,-2.22,873.46
3,0.91,-1.58,-1.48,870.31
3,0.48,-2.95,-1.64,866.98
3,-1.85,-0.55,-2.79,865.09
3,3.13,0.38,-3.29,863.41
3,0.38,-1.24,-2.38,860.73
3,-0.66,-0.46,-1.87,858.25
3,1.04,1.91,-1.03,855.49
3,-1.47,-0.73,0.36,852.02
3,-1.93,-0.97,-0.86,847.71
3,-1.7,-3.09,0.07,844.7
3,1.38,-0.05,1.26,841.37
3,-0.22,-1.66,0.4,839.51
3,-2.28,-2.61,0.02,835.2
3,-2.56,-2.49,-0.84,833.0
3,-2.06,-0.7,-0.84,828.82
3,-1.57,3.06,-0.58,826.32
3,-0.69,1.22,-2.08,823.3
3,-1.68,-0.58,-2.04,822.0
3,1.65,0.72,-2.97,819.65
3,1.8,0.41,-1.05,818.6
3,-0.13,2.67,-1.82,814.88
3,-2.52,-0.22,-2.38,812.31
3,2.49,-0.64,-3.36,809.18
3,2.26,-2.69,-4.52,804.8
3,2.43,0.55,-3.82,801.14
3,2.72,1.15,-4.11,798.33
3,3.55,-1.66,-4.26,795.06
3,0.74,1.15,-2.52,792.48
3,1.65,1.82,-3.19,788.33
3,0.28,-1.08,-2.45,785.13
3,-1.48,-1.13,-3.15,781.44
3,-0.88,2.82,-2.99,778.32
3,-2.96,-1.72,-2.84,774.99
3,1.64,-5.45,-2.88,771.86
3,0.73,-0.73,-3.18,771.32
3,-1.29,-0.7,-2.42,767.25
3,2.1,-3.5,-3.85,764.36
3,-1.38,3.09,-3.91,762.13
3,0.42,1.58,-3.44,759.18
3,-1.33,0.34,-4.51,758.32
3,-0.21,0.93,-3.45,755.71
3,0.2,0.07,-2.81,751.5
3,1.0,-1.14,-2.89,747.62
3,-2.93,-2.09,-1.16,745.79
3,0.91,-1.43,-0.07,742.04
3,0.27,-0.01,1.83,740.29
3,1.73,0.75,0.9,737.39
3,1.13,0.73,2.21,734.66
3,-1.22,1.04,1.55,730.56
3,0.9,0.55,1.61,726.95
3,-3.2,-0.58,0.74,723.88
3,-0.51,-3.01,-0.07,720.09
3,1.86,-0.01,1.07,717.59
3,1.82,-2.46,-0.11,714.8
3,-0.9,0.01,1.1,711.94
3,1.84,0.5,1.85,708.99
3,-0.22,1.79,0.71,705.72
3,1.37,-1.25,-0.49,702.61
3,-1.96,0.66,-1.99,699.56
3,0.08,0.08,-0.18,698.34
3,0.71,-1.58,0.46,697.07
3,1.7,-0.9,0.81,693.74
3,-0.62,1.36,0.35,691.34
3,0.55,-1.09,0.69,688.89
3,-2.27,-1.84,-1.81,685.4
3,-2.49,-2.46,-1.29,682.65
3,-0.99,-0.45,-1.92,680.19
3,0.58,3.53,-0.69,675.9
3,-2.47,-0.09,-1.2,674.38
3,0.93,-2.31,-2.51,670.56
3,-0.48,-0.23,-3.01,666.75
3,1.38,-2.92,-2.71,663.55
3,-2.36,1.76,-3.0,661.54
3,1.03,-2.14,-5.23,657.57
3,0.34,1.79,-5.19,652.93
3,0.94,1.47,-5.06,649.89
3,-0.06,-0.36,-5.64,645.48
3,-0.68,0.11,-6.86,642.85
3,-3.02,1.24,-7.45,639.9
3,0.62,-0.58,-7.28,637.55
3,-1.18,0.43,-8.25,635.72
3,0.42,-0.06,-7.22,632.09
3,-2.3,3.75,-8.93,630.73
3,-1.39,-1.71,-9.03,629.01
3,-1.48,-3.92,-9.81,626.03
3,2.31,2.64,-10.65,623.82
3,-3.05,-2.73,-12.26,620.43
3,-1.69,0.06,-11.98,618.96
3,0.6,-2.93,-12.88,615.27
3,-2.98,0.04,-12.63,613.43
3,-1.51,-2.99,-12.57,609.78
3,0.36,-1.57,-13.77,607.88
3,1.03,-1.7,-14.19,604.84
3,-0.96,-0.71,-13.64,600.28
3,2.31,0.03,-13.49,596.03
3,-2.33,-3.7,-14.35,593.97
3,0.82,3.09,-14.63,589.67
3,-5.77,-1.88,-14.49,586.75
3,2.66,-0.16,-15.75,584.0
3,-0.08,-1.27,-15.33,580.64
3,4.04,1.05,-14.73,577.09
3,-3.36,-2.37,-14.09,573.56
3,0.29,-1.79,-13.88,571.09
3,-3.56,-0.92,-12.32,567.25
3,-0.37,-0.06,-11.06,562.87
3,0.99,-1.7,-9.14,558.85
3,1.19,-4.4,-9.89,555.66
3,3.45,-0.53,-9.52,551.3
3,-1.0,3.3,-11.4,547.38
3,0.91,-0.05,-10.72,543.02
3,-4.66,-0.27,-12.8,540.24
3,-0.5,-2.27,-14.01,537.42
3,1.23,1.19,-13.99,533.82
3,1.57,1.28,-11.75,532.11
3,0.52,-2.97,-11.15,528.23
3,-0.48,-3.16,-12.71,525.26
3,1.54,0.32,-15.29,523.09
3,0.7,-2.74,-14.33,520.94
3,-0.21,0.99,-15.63,516.69
3,1.43,-1.74,-14.5,513.77
3,1.26,-2.16,-14.56,512.26
3,-5.73,-0.49,-14.23,511.53
3,-2.31,0.75,-14.01,508.97
3,2.08,1.59,-14.63,505.78
3,-1.08,1.89,-15.41,503.21
3,-2.34,-1.21,-16.1,501.16
3,0.89,-0.84,-15.7,498.93
3,0.3,1.15,-15.56,498.06
3,-1.08,1.76,-14.86,494.78
3,-1.85,0.8,-13.04,491.23
3,3.49,-1.12,-14.43,489.33
3,-2.39,0.47,-14.48,487.0
3,-0.8,-0.41,-12.58,482.0
3,3.93,-0.54,-13.18,478.49
3,-0.74,1.92,-12.85,475.86
3,-0.18,-3.87,-12.98,473.9
3,0.87,1.44,-11.23,471.28
3,-2.2,-1.83,-11.17,468.48
3,-0.82,-2.15,-9.92,465.57
3,0.13,0.42,-9.78,461.56
3,2.91,1.11,-10.77,458.13
3,1.03,-1.86,-11.73,454.98
3,0.56,2.92,-12.59,450.34
3,-2.41,0.67,-11.65,447.0
3,0.17,-1.03,-11.18,446.03
3,1.12,0.16,-10.44,444.59
3,0.44,-2.33,-10.5,440.03
3,0.05,0.92,-11.96,437.28
3,-1.51,2.49,-10.81,434.48
3,2.83,2.31,-12.15,430.14
3,0.79,3.46,-11.45,426.63
3,3.09,2.66,-12.45,423.16
3,0.82,-0.18,-12.07,421.0
3,1.2,4.47,-12.1,419.17
3,-0.52,1.18,-12.07,416.12
3,-1.24,1.34,-12.81,412.59
3,2.64,-0.76,-13.2,409.92
3,2.05,-1.49,-14.08,406.78
3,0.57,0.95,-15.06,404.47
3,0.02,-1.8,-17.78,399.11
3,-2.45,1.34,-16.96,398.93
3,0.67,-3.36,-17.28,395.85
3,-1.17,0.22,-18.04,394.28
3,-4.79,-0.5,-18.6,390.69
3,2.91,4.14,-20.42,385.7
3,-0.17,4.63,-19.97,382.78
3,-3.24,0.4,-20.19,380.57
3,0.93,-1.86,-20.1,377.48
3,5.14,1.11,-20.46,374.44
3,-0.49,0.86,-20.21,371.19
3,2.49,-1.65,-21.15,368.95
3,-1.9,0.52,-21.81,365.58
3,3.36,1.16,-21.88,363.27
3,-1.96,-1.44,-22.32,359.66
3,-2.77,-0.97,-23.03,356.63
3,-0.25,4.44,-22.1,352.31
3,1.08,-1.8,-21.21,348.12
3,-3.58,-0.89,-22.45,344.11
3,-1.73,1.42,-22.34,340.25
3,0.1,1.4,-21.71,337.58
3,-0.71,2.0,-21.35,335.54
3,1.72,-0.36,-22.69,333.62
3,-0.11,-0.27,-24.16,329.79
3,-0.05,0.34,-24.51,325.31
3,-0.94,1.72,-24.8,323.61
3,1.94,-1.96,-24.52,321.25
3,1.07,-5.72,-24.62,318.33
3,-1.11,1.4,-24.93,316.1
3,1.43,-0.85,-24.84,312.99
3,0.4,1.64,-24.81,308.8
3,0.72,-0.5,-25.54,305.24
3,2.68,1.3,-24.57,302.6
3,0.68,2.17,-25.7,297.56
3,-0.44,-2.44,-24.74,294.44
3,-4.47,-2.14,-24.78,291.45
3,0.04,0.49,-24.25,288.72
3,1.69,-1.5,-24.41,286.51
3,-3.18,0.55,-25.2,283.81
3,2.92,0.58,-25.3,280.92
3,-2.93,-0.74,-26.3,276.56
3,-2.34,1.01,-27.55,273.37
3,0.64,-1.2,-26.82,270.01
3,-0.95,1.34,-27.59,266.46
3,-0.25,0.3,-28.01,263.99
3,4.41,-0.1,-28.41,262.65
3,1.89,3.72,-29.35,260.16
3,0.85,-3.33,-30.35,259.14
3,0.43,-0.62,-30.88,254.94
3,-3.08,-0.12,-29.24,252.56
3,-1.55,1.56,-28.73,250.31
3,0.2,3.17,-28.88,245.76
3,1.93,0.05,-27.01,243.19
3,3.53,-3.55,-25.6,240.63
3,-0.84,-0.42,-25.5,237.25
3,0.99,1.97,-24.88,235.19
3,2.0,-1.38,-24.45,232.37
3,0.9,2.62,-24.84,227.42
3,-0.07,-0.09,-23.2,223.27
3,-1.35,0.26,-22.13,218.82
3,-3.1,-2.49,-23.64,215.63
3,1.55,5.1,-22.36,212.15
3,-1.65,1.4,-23.38,209.72
3,-0.47,0.67,-22.65,207.44
3,2.63,0.07,-23.21,204.12
3,-1.43,1.84,-23.38,199.53
3,1.39,-1.16,-22.46,196.69
3,4.55,2.18,-25.19,193.41
3,-1.21,2.97,-25.92,190.58
3,-0.84,-1.84,-26.05,188.02
3,3.49,-1.41,-28.79,184.84
3,-0.09,0.83,-27.66,180.4
3,-1.6,-1.52,-27.52,178.48
3,-0.83,-4.29,-29.2,174.42
3,2.87,-0.28,-28.9,171.24
3,-0.14,1.52,-31.29,167.86
3,-2.31,0.42,-32.06,165.45
3,-0.16,-0.44,-31.87,163.09
3,-3.5,1.82,-32.52,160.8
3,-1.2,-1.29,-32.77,158.98
3,1.75,1.15,-33.96,155.91
3,3.67,2.22,-32.78,153.32
3,0.51,2.1,-33.98,151.04
3,3.37,1.25,-32.92,146.54
3,-0.16,-0.2,-31.69,144.57
3,1.67,1.03,-29.7,141.01
3,-1.05,1.11,-30.59,138.55
3,0.24,3.27,-31.6,134.61
3,1.52,-1.47,-31.59,130.31
3,2.9,0.33,-30.04,126.94
3,0.86,-2.18,-29.41,125.02
3,1.87,-0.94,-27.78,122.97
3,0.13,-0.29,-29.46,120.78
3,1.54,-3.4,-26.71,117.58
3,-1.39,3.39,-26.73,113.49
3,1.16,2.95,-27.59,109.34
3,3.53,1.83,-27.13,104.62
3,1.68,0.42,-27.66,102.87
3,1.81,-0.59,-26.82,99.84
3,-1.26,-0.7,-27.83,97.68
3,0.1,-1.85,-27.71,95.49
3,-0.4,2.79,-27.63,94.54
3,-0.63,-0.37,-25.23,91.13
3,-0.49,3.42,-24.39,88.46
3,-1.11,0.97,-25.16,85.09
3,-0.37,0.43,-24.14,82.12
3,-2.72,-4.53,-23.95,80.2
3,-0.79,-2.76,-25.68,77.76
3,1.48,2.6,-25.34,73.01
3,3.21,2.09,-25.6,69.88
3,0.15,2.41,-24.33,66.26
3,-0.54,0.61,-23.48,63.57
3,0.05,0.19,-21.55,61.78
3,-0.42,-0.54,-22.38,59.07
3,-4.05,-2.17,-23.58,55.3
3,3.73,1.52,-23.13,52.1
3,-2.5,1.84,-24.41,49.11
3,-0.33,0.92,-24.55,46.61
3,-1.02,-1.94,-24.55,43.01
3,-1.14,-0.61,-24.97,39.3
3,1.65,4.04,-24.62,35.26
3,-1.76,2.39,-23.27,32.47
3,-0.59,0.45,-21.56,28.36
3,-1.26,-0.84,-22.28,26.81
3,-0.16,-1.88,-21.15,25.63
3,-4.51,1.27,-20.7,22.74
3,1.46,-1.12,-19.52,19.72
3,0.67,-0.25,-19.79,17.2
3,-0.47,-2.07,-22.27,14.08
3,-0.25,-2.55,-21.38,11.42
3,2.35,1.3,-19.96,8.17
3,-2.76,-1.63,-19.34,5.24
3,-0.03,1.0,-20.4,2.17
3,-1.21,-0.69,-19.9,-0.86
4,0,0,0,0
4,0,0,0,0
4,0,0,0,0
4,0,0,0,0
4,0,0,0,0
4,0,0,0,0
4,0,0,0,0
4,0,0,0,0
4,0,0,0,0
4,0,0,0,0
